
SQL*Plus: Release 11.2.0.1.0 Production on Wed Jan 5 04:07:25 2011

Copyright (c) 1982, 2009, Oracle.  All rights reserved.


Connected to:
Oracle Database 11g Enterprise Edition Release 11.2.0.1.0 - Production
With the Partitioning, OLAP, Data Mining and Real Application Testing options

04:07:25 SQL> ALTER SESSION SET NLS_DATE_FORMAT = 'YYYY-MM-DD hh24:mi:ss';

Session altered.

Elapsed: 00:00:00.00
04:07:25 SQL> 04:07:25 SQL> --
04:07:25 SQL> -- update_di1hr_stk.sql
04:07:25 SQL> --
04:07:25 SQL> 
04:07:25 SQL> -- I use this script to keep di1hr_stk up to date.
04:07:25 SQL> 
04:07:25 SQL> -- This script is called from /pt/s/rluck/svmhstk/dl_then_svm.bash
04:07:25 SQL> -- After this script is called, I am then free to run SVM against the new data.
04:07:25 SQL> 
04:07:25 SQL> -- The table, di1hr_stk, contains data from duakas WHERE ydate < '2010-12-13 09:00:00'
04:07:25 SQL> -- Note that the dukas data is loaded from this dir:
04:07:25 SQL> -- /pt/s/rluck/svmhstk/dukas/
04:07:25 SQL> -- There, I use /pt/s/rluck/svmhstk/dukas/load_many.bash
04:07:25 SQL> -- to wrap /pt/s/rluck/svmhstk/dukas/load_tkr_1hr.bash
04:07:25 SQL> 
04:07:25 SQL> -- After '2010-12-13 09:00:00', di1hr_stk holds data from IB.
04:07:25 SQL> 
04:07:25 SQL> -- CREATE TABLE di1hr_stk0(tkrdate VARCHAR2(26),tkr VARCHAR2(7),ydate DATE,clse NUMBER);
04:07:25 SQL> -- CREATE TABLE di1hr_stk (tkrdate VARCHAR2(26),tkr VARCHAR2(7),ydate DATE,clse NUMBER);
04:07:25 SQL> 
04:07:25 SQL> TRUNCATE TABLE di1hr_stk0;

Table truncated.

Elapsed: 00:00:00.21
04:07:25 SQL> DROP TABLE di1hr_stk;

Table dropped.

Elapsed: 00:00:00.07
04:07:25 SQL> PURGE RECYCLEBIN;

Recyclebin purged.

Elapsed: 00:00:00.60
04:07:26 SQL> 
04:07:26 SQL> -- Copy in data from ibs1hr:
04:07:26 SQL> 
04:07:26 SQL> INSERT INTO di1hr_stk0(tkrdate,tkr,ydate,clse)
04:07:26   2  SELECT	     tkr||ydate,tkr,ydate,clse
04:07:26   3  FROM ibs1hr
04:07:26   4  WHERE ydate >= '2010-12-13 09:00:00'
04:07:26   5  /

2560 rows created.

Elapsed: 00:00:00.04
04:07:26 SQL> 
04:07:26 SQL> -- rpt
04:07:26 SQL> SELECT
04:07:26   2  tkr
04:07:26   3  ,MIN(ydate)
04:07:26   4  ,COUNT(tkr)
04:07:26   5  ,MAX(ydate)
04:07:26   6  FROM di1hr_stk0
04:07:26   7  GROUP BY tkr
04:07:26   8  ORDER BY tkr
04:07:26   9  /

TKR	MIN(YDATE)	    COUNT(TKR) MAX(YDATE)
------- ------------------- ---------- -------------------
DIA	2010-12-13 09:00:00	   256 2011-01-05 00:00:00
DIS	2010-12-13 09:00:00	   256 2011-01-05 00:00:00
EBAY	2010-12-13 09:00:00	   256 2011-01-05 00:00:00
GOOG	2010-12-13 09:00:00	   256 2011-01-05 00:00:00
HPQ	2010-12-13 09:00:00	   256 2011-01-05 00:00:00
IBM	2010-12-13 09:00:00	   256 2011-01-05 00:00:00
QQQQ	2010-12-13 09:00:00	   256 2011-01-05 00:00:00
SPY	2010-12-13 09:00:00	   256 2011-01-05 00:00:00
WMT	2010-12-13 09:00:00	   256 2011-01-05 00:00:00
XOM	2010-12-13 09:00:00	   256 2011-01-05 00:00:00

10 rows selected.

Elapsed: 00:00:00.01
04:07:26 SQL> 
04:07:26 SQL> -- Next, copy in data from dukas.
04:07:26 SQL> 
04:07:26 SQL> INSERT INTO di1hr_stk0(tkrdate,tkr,ydate,clse)
04:07:26   2  SELECT	     tkr||ydate,tkr,ydate,clse
04:07:26   3  FROM dukas1hr_stk
04:07:26   4  WHERE ydate < '2010-12-13 09:00:00'
04:07:26   5  /

19648 rows created.

Elapsed: 00:00:00.10
04:07:26 SQL> 
04:07:26 SQL> -- rpt
04:07:26 SQL> SELECT
04:07:26   2  tkr
04:07:26   3  ,MIN(ydate)
04:07:26   4  ,COUNT(tkr)
04:07:26   5  ,MAX(ydate)
04:07:26   6  FROM dukas1hr_stk
04:07:26   7  WHERE ydate < '2010-12-13 09:00:00'
04:07:26   8  GROUP BY tkr
04:07:26   9  ORDER BY tkr
04:07:26  10  /

TKR	 MIN(YDATE)	     COUNT(TKR) MAX(YDATE)
-------- ------------------- ---------- -------------------
DIA	 2006-08-15 16:00:01	   3886 2010-12-10 20:00:01
GOOG	 2006-08-08 16:00:01	   7882 2010-12-10 20:00:01
SPY	 2006-08-09 16:00:01	   7880 2010-12-10 20:00:01

Elapsed: 00:00:00.02
04:07:26 SQL> 
04:07:26 SQL> -- rpt
04:07:26 SQL> SELECT
04:07:26   2  tkr
04:07:26   3  ,MIN(ydate)
04:07:26   4  ,COUNT(tkr)
04:07:26   5  ,MAX(ydate)
04:07:26   6  FROM di1hr_stk0
04:07:26   7  GROUP BY tkr
04:07:26   8  ORDER BY tkr
04:07:26   9  /

TKR	MIN(YDATE)	    COUNT(TKR) MAX(YDATE)
------- ------------------- ---------- -------------------
DIA	2006-08-15 16:00:01	  4142 2011-01-05 00:00:00
DIS	2010-12-13 09:00:00	   256 2011-01-05 00:00:00
EBAY	2010-12-13 09:00:00	   256 2011-01-05 00:00:00
GOOG	2006-08-08 16:00:01	  8138 2011-01-05 00:00:00
HPQ	2010-12-13 09:00:00	   256 2011-01-05 00:00:00
IBM	2010-12-13 09:00:00	   256 2011-01-05 00:00:00
QQQQ	2010-12-13 09:00:00	   256 2011-01-05 00:00:00
SPY	2006-08-09 16:00:01	  8136 2011-01-05 00:00:00
WMT	2010-12-13 09:00:00	   256 2011-01-05 00:00:00
XOM	2010-12-13 09:00:00	   256 2011-01-05 00:00:00

10 rows selected.

Elapsed: 00:00:00.02
04:07:26 SQL> 
04:07:26 SQL> CREATE TABLE di1hr_stk COMPRESS AS
04:07:26   2  SELECT
04:07:26   3  tkrdate
04:07:26   4  ,tkr
04:07:26   5  ,ydate
04:07:26   6  ,AVG(clse)clse
04:07:26   7  FROM di1hr_stk0
04:07:26   8  GROUP BY
04:07:26   9  tkrdate
04:07:26  10  ,tkr
04:07:26  11  ,ydate
04:07:26  12  /

Table created.

Elapsed: 00:00:00.32
04:07:26 SQL> 
04:07:26 SQL> -- rpt
04:07:26 SQL> SELECT
04:07:26   2  tkr
04:07:26   3  ,MIN(ydate)
04:07:26   4  ,COUNT(ydate)
04:07:26   5  ,MAX(ydate)
04:07:26   6  ,MIN(clse)
04:07:26   7  ,AVG(clse)
04:07:26   8  ,MAX(clse)
04:07:26   9  FROM di1hr_stk
04:07:26  10  GROUP BY tkr
04:07:26  11  ORDER BY tkr
04:07:26  12  /

TKR	MIN(YDATE)	    COUNT(YDATE) MAX(YDATE)	      MIN(CLSE)  AVG(CLSE)  MAX(CLSE)
------- ------------------- ------------ ------------------- ---------- ---------- ----------
DIA	2006-08-15 16:00:01	    4142 2011-01-05 00:00:00	  96.43 116.464102     140.11
DIS	2010-12-13 09:00:00	     256 2011-01-05 00:00:00	 36.275 37.4475781     39.345
EBAY	2010-12-13 09:00:00	     256 2011-01-05 00:00:00	 27.765 29.1277148     30.835
GOOG	2006-08-08 16:00:01	    8138 2011-01-05 00:00:00	 247.98 486.574675     744.87
HPQ	2010-12-13 09:00:00	     256 2011-01-05 00:00:00	  41.01 42.0391211	 43.7
IBM	2010-12-13 09:00:00	     256 2011-01-05 00:00:00	 140.31 145.757109     149.63
QQQQ	2010-12-13 09:00:00	     256 2011-01-05 00:00:00	 54.065 54.6792773     55.615
SPY	2006-08-09 16:00:01	    8136 2011-01-05 00:00:00	  67.28 121.367105     157.34
WMT	2010-12-13 09:00:00	     256 2011-01-05 00:00:00	 53.235 54.0362109     54.955
XOM	2010-12-13 09:00:00	     256 2011-01-05 00:00:00	 71.635 72.9442383     74.975

10 rows selected.

Elapsed: 00:00:00.05
04:07:26 SQL> 
04:07:26 SQL> COLUMN clse FORMAT 999.9999
04:07:26 SQL> SELECT
04:07:26   2  tkr
04:07:26   3  ,ROUND(clse,4)clse
04:07:26   4  ,ydate
04:07:26   5  FROM di1hr_stk
04:07:26   6  WHERE ydate > sysdate - 3/24
04:07:26   7  ORDER BY tkr,ydate
04:07:26   8  /

no rows selected

Elapsed: 00:00:00.02
04:07:26 SQL> Disconnected from Oracle Database 11g Enterprise Edition Release 11.2.0.1.0 - Production
With the Partitioning, OLAP, Data Mining and Real Application Testing options
