/pt/s/rluck/svm62/results_JPY_2011_0109.txt


JPY looks okay.


oracle@hp2:/pt/s/rluck/svm62$ sqt @pair_rpt

SQL*Plus: Release 11.2.0.1.0 Production on Mon Jan 10 00:44:11 2011

Copyright (c) 1982, 2009, Oracle.  All rights reserved.


Connected to:
Oracle Database 11g Enterprise Edition Release 11.2.0.1.0 - Production
With the Partitioning, OLAP, Data Mining and Real Application Testing options

00:44:13 SQL> ALTER SESSION SET NLS_DATE_FORMAT = 'YYYY-MM-DD hh24:mi:ss';

Session altered.

Elapsed: 00:00:00.00
00:44:13 SQL> --
00:44:13 SQL> -- pair_rpt.sql
00:44:13 SQL> --
00:44:13 SQL> 
00:44:13 SQL> -- I use this script to report on a pair after a backtest.
00:44:13 SQL> 
00:44:13 SQL> CREATE OR REPLACE VIEW pr10 AS
00:44:13   2  SELECT
00:44:13   3  s.pair
00:44:13   4  ,m.ydate
00:44:13   5  ,targ
00:44:13   6  ,g6
00:44:13   7  ,score
00:44:13   8  ,ROUND(score,1)rscore
00:44:13   9  FROM svm62scores s, modsrc m
00:44:13  10  WHERE s.prdate = m.prdate
00:44:13  11  /

View created.

Elapsed: 00:00:00.18
00:44:13 SQL> 
00:44:13 SQL> SELECT
00:44:13   2  pair
00:44:13   3  ,MIN(ydate)
00:44:13   4  ,COUNT(ydate)
00:44:13   5  ,MAX(ydate)
00:44:13   6  FROM pr10
00:44:13   7  GROUP BY pair
00:44:13   8  /

PAIR    MIN(YDATE)          COUNT(YDATE) MAX(YDATE)
------- ------------------- ------------ -------------------
usd_jpy 2010-10-07 11:55:01         4391 2011-01-07 21:25:00

Elapsed: 00:00:00.23
00:44:13 SQL> 
00:44:13 SQL> SELECT
00:44:13   2  pair
00:44:13   3  ,MIN(ydate)
00:44:13   4  ,COUNT(ydate)
00:44:13   5  ,MAX(ydate)
00:44:13   6  FROM modsrc
00:44:13   7  GROUP BY pair
00:44:13   8  /

PAIR    MIN(YDATE)          COUNT(YDATE) MAX(YDATE)
------- ------------------- ------------ -------------------
usd_jpy 2010-10-06 03:05:01        19460 2011-01-07 21:55:00

Elapsed: 00:00:00.10
00:44:13 SQL> 
00:44:13 SQL> SELECT
00:44:13   2  pair
00:44:13   3  ,targ
00:44:13   4  ,rscore
00:44:13   5  ,ROUND(AVG(g6),4)avg_g6
00:44:13   6  ,ROUND(MIN(g6),4)min_g6
00:44:13   7  ,ROUND(STDDEV(g6),4)std_g6
00:44:13   8  ,ROUND(MAX(g6),4)max_g6
00:44:13   9  ,TO_CHAR(MIN(ydate),'YYYY-MM-DD')min_date
00:44:13  10  ,COUNT(ydate)                    ccount
00:44:13  11  ,TO_CHAR(MIN(ydate),'YYYY-MM-DD')max_date
00:44:13  12  ,ROUND(CORR(score,g6),2)corr_score_g6
00:44:13  13  FROM pr10
00:44:13  14  GROUP BY pair,targ,rscore
00:44:13  15  ORDER BY pair,targ,rscore
00:44:13  16  /

PAIR    TARG      RSCORE     AVG_G6     MIN_G6     STD_G6     MAX_G6 MIN_DATE       CCOUNT MAX_DATE   CORR_SCORE_G6
------- ----- ---------- ---------- ---------- ---------- ---------- ---------- ---------- ---------- -------------
usd_jpy gatt           0     -.0359       -.45      .1791        .17 2010-10-19         16 2010-10-19           .13
usd_jpy gatt          .1     -.0751       -.54      .1849       .485 2010-10-12        102 2010-10-12           -.1
usd_jpy gatt          .2     -.0832       -.89      .2106       .485 2010-10-07        200 2010-10-07           .12
usd_jpy gatt          .3     -.0322      -.705      .1803       .695 2010-10-07        292 2010-10-07          -.02
usd_jpy gatt          .4     -.0311        -.9      .1822      .4775 2010-10-07        320 2010-10-07             0
usd_jpy gatt          .5     -.0086       -.87      .2232       .875 2010-10-08        324 2010-10-08          -.06
usd_jpy gatt          .6      .0454        -.8      .2315     1.0013 2010-10-08        348 2010-10-08           .12
usd_jpy gatt          .7       .031       -.64       .235       1.24 2010-10-08        295 2010-10-08            .1
usd_jpy gatt          .8      .0655     -.6075      .2445       1.08 2010-10-08        215 2010-10-08           .02
usd_jpy gatt          .9       .158       -.54      .2779       1.34 2010-10-14        103 2010-10-14             0
usd_jpy gatt           1       .139       -.18      .2004        .47 2010-10-22         10 2010-10-22          -.03
usd_jpy gattn          0      .1379       -.04      .2207        .56 2010-10-14          7 2010-10-14           .06
usd_jpy gattn         .1      .1197       -.82      .3057       1.05 2010-10-12         96 2010-10-12          -.24
usd_jpy gattn         .2      .0835     -.7225      .2614       1.24 2010-10-12        233 2010-10-12          -.13
usd_jpy gattn         .3      .0298      -.725      .2204       1.09 2010-10-08        338 2010-10-08          -.06
usd_jpy gattn         .4      .0166       -.95      .2361     1.2088 2010-10-08        332 2010-10-08           .04
usd_jpy gattn         .5     -.0142        -.6      .2105     1.0925 2010-10-08        288 2010-10-08          -.13
usd_jpy gattn         .6     -.0212       -.78      .2039        .91 2010-10-07        277 2010-10-07          -.02
usd_jpy gattn         .7     -.0431      -.875      .1923       .505 2010-10-07        251 2010-10-07          -.14
usd_jpy gattn         .8     -.0682      -.535      .1923       .425 2010-10-07        201 2010-10-07          -.02
usd_jpy gattn         .9     -.0951       -.48      .1758        .33 2010-10-11        129 2010-10-11          -.02
usd_jpy gattn          1     -.0646      -.195      .1416       .225 2010-11-05         14 2010-11-05          -.04

22 rows selected.

Elapsed: 00:00:00.28
00:44:13 SQL> 
00:44:13 SQL> SELECT
00:44:13   2  pair
00:44:13   3  ,targ
00:44:13   4  ,ROUND(CORR(score,g6),2)corr_score_g6
00:44:13   5  FROM pr10
00:44:13   6  WHERE score > 0.7
00:44:13   7  GROUP BY pair,targ
00:44:13   8  ORDER BY pair,targ
00:44:13   9  /

PAIR    TARG  CORR_SCORE_G6
------- ----- -------------
usd_jpy gatt            .14
usd_jpy gattn          -.07

Elapsed: 00:00:00.22
00:44:14 SQL> 
00:44:14 SQL> SELECT
00:44:14   2  pair
00:44:14   3  ,targ
00:44:14   4  ,ROUND(CORR(score,g6),2)corr_score_g6
00:44:14   5  FROM pr10
00:44:14   6  WHERE score < 0.3
00:44:14   7  GROUP BY pair,targ
00:44:14   8  ORDER BY pair,targ
00:44:14   9  /

PAIR    TARG  CORR_SCORE_G6
------- ----- -------------
usd_jpy gatt            .09
usd_jpy gattn          -.14

Elapsed: 00:00:00.20
00:44:14 SQL> 
00:44:14 SQL> -- Mix scores:
00:44:14 SQL> 
00:44:14 SQL> CREATE OR REPLACE VIEW pr12 AS
00:44:14   2  SELECT
00:44:14   3  l.pair
00:44:14   4  ,m.ydate
00:44:14   5  ,g6
00:44:14   6  ,l.score score_long
00:44:14   7  ,s.score score_short
00:44:14   8  FROM svm62scores l, svm62scores s, modsrc m
00:44:14   9  WHERE l.prdate = m.prdate
00:44:14  10  AND   s.prdate = m.prdate
00:44:14  11  AND   l.targ = 'gatt'
00:44:14  12  AND   s.targ = 'gattn'
00:44:14  13  /

View created.

Elapsed: 00:00:00.18
00:44:14 SQL> 
00:44:14 SQL> SELECT
00:44:14   2  pair
00:44:14   3  ,TO_CHAR(MIN(ydate),'YYYY-MM-DD')mndate
00:44:14   4  ,COUNT(ydate)                    cnt
00:44:14   5  ,TO_CHAR(MAX(ydate),'YYYY-MM-DD')mxdate
00:44:14   6  ,ROUND(MIN(g6),4)mn_g6
00:44:14   7  ,ROUND(AVG(g6),4)avg_g6
00:44:14   8  ,ROUND(STDDEV(g6),4)stddv
00:44:14   9  ,ROUND(MAX(g6),4)mx_g6
00:44:14  10  ,ROUND(CORR(score_short,g6),2)crr_s
00:44:14  11  ,ROUND(CORR(score_long,g6),2)crr_l
00:44:14  12  FROM pr12
00:44:14  13  WHERE score_long > 0.7 AND score_short < 0.3
00:44:14  14  GROUP BY pair
00:44:14  15  /

PAIR    MNDATE            CNT MXDATE          MN_G6     AVG_G6      STDDV      MX_G6      CRR_S      CRR_L
------- ---------- ---------- ---------- ---------- ---------- ---------- ---------- ---------- ----------
usd_jpy 2010-10-13         33 2010-12-29     -.4425      .0709      .2379       .465       -.18        .24

Elapsed: 00:00:00.19
00:44:14 SQL> 
00:44:14 SQL> SELECT
00:44:14   2  pair
00:44:14   3  ,TO_CHAR(MIN(ydate),'YYYY-MM-DD')mndate
00:44:14   4  ,COUNT(ydate)                    cnt
00:44:14   5  ,TO_CHAR(MAX(ydate),'YYYY-MM-DD')mxdate
00:44:14   6  ,ROUND(MIN(g6),4)mn_g6
00:44:14   7  ,ROUND(AVG(g6),4)avg_g6
00:44:14   8  ,ROUND(STDDEV(g6),4)stddv
00:44:14   9  ,ROUND(MAX(g6),4)mx_g6
00:44:14  10  ,ROUND(CORR(score_short,g6),2)crr_s
00:44:14  11  ,ROUND(CORR(score_long,g6),2)crr_l
00:44:14  12  FROM pr12
00:44:14  13  WHERE score_short > 0.7 AND score_long < 0.3
00:44:14  14  GROUP BY pair
00:44:14  15  /

PAIR    MNDATE            CNT MXDATE          MN_G6     AVG_G6      STDDV      MX_G6      CRR_S      CRR_L
------- ---------- ---------- ---------- ---------- ---------- ---------- ---------- ---------- ----------
usd_jpy 2010-10-08         26 2011-01-03     -.2975      .0733      .1941        .42        .14       -.14

Elapsed: 00:00:00.19
00:44:14 SQL> 
00:44:14 SQL> EXIT
Disconnected from Oracle Database 11g Enterprise Edition Release 11.2.0.1.0 - Production
With the Partitioning, OLAP, Data Mining and Real Application Testing options
oracle@hp2:/pt/s/rluck/svm62$ 
oracle@hp2:/pt/s/rluck/svm62$ 
oracle@hp2:/pt/s/rluck/svm62$ 


ooooooooooooooooooo ooooooooooooooooooo ooooooooooooooooooo ooooooooooooooooooo ooooooooooooooooooo 

older:


20:44:56 SQL> @pair_rpt
20:45:03 SQL> --
20:45:03 SQL> -- pair_rpt.sql
20:45:03 SQL> --
20:45:03 SQL> 
20:45:03 SQL> -- I use this script to report on a pair after a backtest.
20:45:03 SQL> 
20:45:03 SQL> CREATE OR REPLACE VIEW pr10 AS
20:45:03   2  SELECT
20:45:03   3  s.pair
20:45:03   4  ,m.ydate
20:45:03   5  ,targ
20:45:03   6  ,g6
20:45:03   7  ,score
20:45:03   8  ,ROUND(score,1)rscore
20:45:03   9  FROM svm62scores s, modsrc m
20:45:03  10  WHERE s.prdate = m.prdate
20:45:03  11  /

View created.

Elapsed: 00:00:00.18
20:45:03 SQL> 
20:45:03 SQL> SELECT
20:45:03   2  pair
20:45:03   3  ,MIN(ydate)
20:45:03   4  ,COUNT(ydate)
20:45:03   5  ,MAX(ydate)
20:45:03   6  FROM pr10
20:45:03   7  GROUP BY pair
20:45:03   8  /

PAIR    MIN(YDATE)          COUNT(YDATE) MAX(YDATE)
------- ------------------- ------------ -------------------
usd_jpy 2010-10-07 11:55:01         3628 2011-01-07 21:25:00

Elapsed: 00:00:00.20
20:45:03 SQL> 
20:45:03 SQL> SELECT
20:45:03   2  pair
20:45:03   3  ,MIN(ydate)
20:45:03   4  ,COUNT(ydate)
20:45:03   5  ,MAX(ydate)
20:45:03   6  FROM modsrc
20:45:03   7  GROUP BY pair
20:45:03   8  /

PAIR    MIN(YDATE)          COUNT(YDATE) MAX(YDATE)
------- ------------------- ------------ -------------------
usd_jpy 2010-10-06 03:05:01        19460 2011-01-07 21:55:00

Elapsed: 00:00:00.13
20:45:03 SQL> 
20:45:03 SQL> SELECT
20:45:03   2  pair
20:45:03   3  ,targ
20:45:03   4  ,rscore
20:45:03   5  ,ROUND(AVG(g6),4)avg_g6
20:45:03   6  ,ROUND(MIN(g6),4)min_g6
20:45:03   7  ,ROUND(STDDEV(g6),4)std_g6
20:45:03   8  ,ROUND(MAX(g6),4)max_g6
20:45:03   9  ,TO_CHAR(MIN(ydate),'YYYY-MM-DD')min_date
20:45:03  10  ,COUNT(ydate)                    ccount
20:45:03  11  ,TO_CHAR(MIN(ydate),'YYYY-MM-DD')max_date
20:45:03  12  ,ROUND(CORR(score,g6),2)corr_score_g6
20:45:03  13  FROM pr10
20:45:03  14  GROUP BY pair,targ,rscore
20:45:03  15  ORDER BY pair,targ,rscore
20:45:03  16  /

PAIR    TARG      RSCORE     AVG_G6     MIN_G6     STD_G6     MAX_G6 MIN_DATE       CCOUNT MAX_DATE   CORR_SCORE_G6
------- ----- ---------- ---------- ---------- ---------- ---------- ---------- ---------- ---------- -------------
usd_jpy gatt           0     -.0281       -.45      .1864        .17 2010-10-19         13 2010-10-19           .15
usd_jpy gatt          .1     -.0824       -.54        .19       .485 2010-10-12         82 2010-10-12          -.08
usd_jpy gatt          .2     -.0931       -.89      .2107       .485 2010-10-07        162 2010-10-07           .11
usd_jpy gatt          .3     -.0418      -.705      .1781        .61 2010-10-07        238 2010-10-07          -.02
usd_jpy gatt          .4     -.0362       -.62      .1756      .4775 2010-10-07        261 2010-10-07           .04
usd_jpy gatt          .5     -.0052       -.87       .227       .875 2010-10-08        266 2010-10-08           -.1
usd_jpy gatt          .6      .0368       -.58      .2257     1.0013 2010-10-08        279 2010-10-08           .05
usd_jpy gatt          .7      .0341       -.64      .2371       1.24 2010-10-08        254 2010-10-08           .11
usd_jpy gatt          .8      .0597     -.6075       .233      1.045 2010-10-08        190 2010-10-08           .01
usd_jpy gatt          .9       .161       -.54      .2911       1.34 2010-10-14         84 2010-10-14             0
usd_jpy gatt           1        .13       -.18      .2177        .47 2010-10-25          8 2010-10-25             0
usd_jpy gattn          0      .1675      -.005       .226        .56 2010-10-14          6 2010-10-14           .04
usd_jpy gattn         .1      .1099       -.82      .3135       1.05 2010-10-12         87 2010-10-12          -.25
usd_jpy gattn         .2       .101     -.7225      .2601       1.24 2010-10-12        196 2010-10-12          -.12
usd_jpy gattn         .3      .0267      -.725      .2237       1.09 2010-10-08        287 2010-10-08          -.03
usd_jpy gattn         .4      .0123       -.95      .2421     1.2088 2010-10-08        272 2010-10-08           .04
usd_jpy gattn         .5     -.0128        -.6       .214     1.0925 2010-10-08        236 2010-10-08          -.13
usd_jpy gattn         .6      -.021       -.77      .2036        .91 2010-10-07        222 2010-10-07          -.02
usd_jpy gattn         .7     -.0399      -.875      .1736      .3825 2010-10-07        203 2010-10-07          -.12
usd_jpy gattn         .8     -.0702      -.535      .1913        .42 2010-10-07        166 2010-10-07             0
usd_jpy gattn         .9     -.1021       -.48       .176        .33 2010-10-11        103 2010-10-11          -.03
usd_jpy gattn          1     -.0569      -.195      .1443       .225 2010-11-05         13 2010-11-05          -.01

22 rows selected.

Elapsed: 00:00:00.40
20:45:04 SQL> 
20:45:04 SQL> SELECT
20:45:04   2  pair
20:45:04   3  ,targ
20:45:04   4  ,ROUND(CORR(score,g6),2)corr_score_g6
20:45:04   5  FROM pr10
20:45:04   6  WHERE score > 0.7
20:45:04   7  GROUP BY pair,targ
20:45:04   8  ORDER BY pair,targ
20:45:04   9  /

PAIR    TARG  CORR_SCORE_G6
------- ----- -------------
usd_jpy gatt            .13
usd_jpy gattn           -.1

Elapsed: 00:00:00.17
20:45:04 SQL> 
20:45:04 SQL> SELECT
20:45:04   2  pair
20:45:04   3  ,targ
20:45:04   4  ,ROUND(CORR(score,g6),2)corr_score_g6
20:45:04   5  FROM pr10
20:45:04   6  WHERE score < 0.3
20:45:04   7  GROUP BY pair,targ
20:45:04   8  ORDER BY pair,targ
20:45:04   9  /

PAIR    TARG  CORR_SCORE_G6
------- ----- -------------
usd_jpy gatt            .08
usd_jpy gattn          -.14

Elapsed: 00:00:00.14
20:45:04 SQL> 
20:45:04 SQL> -- Mix scores:
20:45:04 SQL> 
20:45:04 SQL> CREATE OR REPLACE VIEW pr12 AS
20:45:04   2  SELECT
20:45:04   3  l.pair
20:45:04   4  ,m.ydate
20:45:04   5  ,g6
20:45:04   6  ,l.score score_long
20:45:04   7  ,s.score score_short
20:45:04   8  FROM svm62scores l, svm62scores s, modsrc m
20:45:04   9  WHERE l.prdate = m.prdate
20:45:04  10  AND   s.prdate = m.prdate
20:45:04  11  AND   l.targ = 'gatt'
20:45:04  12  AND   s.targ = 'gattn'
20:45:04  13  /

View created.

Elapsed: 00:00:00.09
20:45:04 SQL> 
20:45:04 SQL> SELECT
20:45:04   2  pair
20:45:04   3  ,TO_CHAR(MIN(ydate),'YYYY-MM-DD')mndate
20:45:04   4  ,COUNT(ydate)                    cnt
20:45:04   5  ,TO_CHAR(MAX(ydate),'YYYY-MM-DD')mxdate
20:45:04   6  ,ROUND(MIN(g6),4)mn_g6
20:45:04   7  ,ROUND(AVG(g6),4)avg_g6
20:45:04   8  ,ROUND(STDDEV(g6),4)stddv
20:45:04   9  ,ROUND(MAX(g6),4)mx_g6
20:45:04  10  ,ROUND(CORR(score_short,g6),2)crr_s
20:45:04  11  ,ROUND(CORR(score_long,g6),2)crr_l
20:45:04  12  FROM pr12
20:45:04  13  WHERE score_long > 0.7 AND score_short < 0.3
20:45:04  14  GROUP BY pair
20:45:04  15  /

PAIR    MNDATE            CNT MXDATE          MN_G6     AVG_G6      STDDV      MX_G6      CRR_S      CRR_L
------- ---------- ---------- ---------- ---------- ---------- ---------- ---------- ---------- ----------
usd_jpy 2010-10-14         28 2010-12-29     -.4425      .0819      .2378       .465       -.11        .29

Elapsed: 00:00:00.19
20:45:04 SQL> 
20:45:04 SQL> SELECT
20:45:04   2  pair
20:45:04   3  ,TO_CHAR(MIN(ydate),'YYYY-MM-DD')mndate
20:45:04   4  ,COUNT(ydate)                    cnt
20:45:04   5  ,TO_CHAR(MAX(ydate),'YYYY-MM-DD')mxdate
20:45:04   6  ,ROUND(MIN(g6),4)mn_g6
20:45:04   7  ,ROUND(AVG(g6),4)avg_g6
20:45:04   8  ,ROUND(STDDEV(g6),4)stddv
20:45:04   9  ,ROUND(MAX(g6),4)mx_g6
20:45:04  10  ,ROUND(CORR(score_short,g6),2)crr_s
20:45:04  11  ,ROUND(CORR(score_long,g6),2)crr_l
20:45:04  12  FROM pr12
20:45:04  13  WHERE score_short > 0.7 AND score_long < 0.3
20:45:04  14  GROUP BY pair
20:45:04  15  /

PAIR    MNDATE            CNT MXDATE          MN_G6     AVG_G6      STDDV      MX_G6      CRR_S      CRR_L
------- ---------- ---------- ---------- ---------- ---------- ---------- ---------- ---------- ----------
usd_jpy 2010-10-08         19 2011-01-03     -.2975      .0616       .198        .36        .01       -.23

Elapsed: 00:00:00.23
20:45:05 SQL> 
20:45:05 SQL> EXIT
Disconnected from Oracle Database 11g Enterprise Edition Release 11.2.0.1.0 - Production
With the Partitioning, OLAP, Data Mining and Real Application Testing options
oracle@hp2:/pt/s/rluck/svm62$ 
