
SQL*Plus: Release 11.2.0.1.0 Production on Thu Dec 16 20:48:35 2010

Copyright (c) 1982, 2009, Oracle.  All rights reserved.


Connected to:
Oracle Database 11g Enterprise Edition Release 11.2.0.1.0 - 64bit Production
With the Partitioning, OLAP, Data Mining and Real Application Testing options

20:48:35 SQL> ALTER SESSION SET NLS_DATE_FORMAT = 'YYYY-MM-DD hh24:mi:ss';

Session altered.

Elapsed: 00:00:00.00
20:48:35 SQL> 20:48:35 SQL> --
20:48:35 SQL> -- eur10.sql
20:48:35 SQL> --
20:48:35 SQL> 
20:48:35 SQL> -- Creates views and tables for backtesting a forex SVM strategy
20:48:35 SQL> 
20:48:35 SQL> PURGE RECYCLEBIN;

Recyclebin purged.

Elapsed: 00:00:00.02
20:48:36 SQL> 
20:48:36 SQL> -- I created di5min here:
20:48:36 SQL> -- /pt/s/rlk/svm4hp/update_di5min.sql
20:48:36 SQL> 
20:48:36 SQL> CREATE OR REPLACE VIEW q11 AS
20:48:36   2  SELECT
20:48:36   3  pair
20:48:36   4  ,ydate
20:48:36   5  ,prdate
20:48:36   6  ,rownum rnum -- acts as t in my time-series
20:48:36   7  ,clse
20:48:36   8  ,LAG(clse,12*1,NULL)OVER(PARTITION BY pair ORDER BY ydate) lg1
20:48:36   9  ,LAG(clse,12*2,NULL)OVER(PARTITION BY pair ORDER BY ydate) lg2
20:48:36  10  ,LAG(clse,12*3,NULL)OVER(PARTITION BY pair ORDER BY ydate) lg3
20:48:36  11  ,LAG(clse,12*4,NULL)OVER(PARTITION BY pair ORDER BY ydate) lg4
20:48:36  12  ,LAG(clse,12*5,NULL)OVER(PARTITION BY pair ORDER BY ydate) lg5
20:48:36  13  ,LAG(clse,12*6,NULL)OVER(PARTITION BY pair ORDER BY ydate) lg6
20:48:36  14  ,LAG(clse,12*7,NULL)OVER(PARTITION BY pair ORDER BY ydate) lg7
20:48:36  15  ,LAG(clse,12*8,NULL)OVER(PARTITION BY pair ORDER BY ydate) lg8
20:48:36  16  ,LAG(clse,12*9,NULL)OVER(PARTITION BY pair ORDER BY ydate) lg9
20:48:36  17  ,LAG(clse,12*12,NULL)OVER(PARTITION BY pair ORDER BY ydate) lg12
20:48:36  18  ,LAG(clse,12*18,NULL)OVER(PARTITION BY pair ORDER BY ydate) lg18
20:48:36  19  ,LAG(clse,12*24,NULL)OVER(PARTITION BY pair ORDER BY ydate) lg24
20:48:36  20  ,LAG(clse,12*72,NULL)OVER(PARTITION BY pair ORDER BY ydate) lg72
20:48:36  21  ,LEAD(clse,12*4,NULL)OVER(PARTITION BY pair ORDER BY ydate) ld4
20:48:36  22  FROM di5min WHERE pair LIKE'%eur%'
20:48:36  23  ORDER BY ydate
20:48:36  24  /

View created.

Elapsed: 00:00:00.05
20:48:36 SQL> 
20:48:36 SQL> -- rpt
20:48:36 SQL> SELECT pair,COUNT(ydate) FROM q11 GROUP BY pair;

PAIR	COUNT(YDATE)
------- ------------
eur_usd        20825

Elapsed: 00:00:00.36
20:48:36 SQL> 
20:48:36 SQL> -- Calc deltas and gains
20:48:36 SQL> DROP TABLE q13;

Table dropped.

Elapsed: 00:00:00.04
20:48:36 SQL> 
20:48:36 SQL> CREATE TABLE q13 COMPRESS AS
20:48:36   2  SELECT
20:48:36   3  pair
20:48:36   4  ,ydate
20:48:36   5  ,prdate
20:48:36   6  ,rnum
20:48:36   7  ,lg4
20:48:36   8  ,lg8
20:48:36   9  ,lg12
20:48:36  10  ,ld4
20:48:36  11  ,CASE WHEN(clse-lg12)>0 then 1 ELSE -1 END trend
20:48:36  12  -- step by 1
20:48:36  13  ,clse-lg1 d01
20:48:36  14  ,lg1-lg2	d12
20:48:36  15  ,lg2-lg3	d23
20:48:36  16  ,lg3-lg4	d34
20:48:36  17  ,lg4-lg5	d45
20:48:36  18  ,lg5-lg6	d56
20:48:36  19  ,lg6-lg7	d67
20:48:36  20  ,lg7-lg8	d78
20:48:36  21  ,lg8-lg9	d89
20:48:36  22  -- step by 2
20:48:36  23  ,clse-lg2 d02
20:48:36  24  ,lg2-lg4 d24
20:48:36  25  ,lg4-lg6 d46
20:48:36  26  ,lg6-lg8 d68
20:48:36  27  -- step by 3
20:48:36  28  ,clse-lg3 d03
20:48:36  29  ,lg3-lg6	d36
20:48:36  30  ,lg6-lg9	d69
20:48:36  31  ,lg9-lg12 d912
20:48:36  32  -- step by 4
20:48:36  33  ,clse-lg4 d04
20:48:36  34  ,lg4-lg8	d48
20:48:36  35  ,lg8-lg12 d812
20:48:36  36  ,lg6-lg12 d612
20:48:36  37  ,lg12-lg18 d1218
20:48:36  38  --
20:48:36  39  ,ABS(clse-lg1)dc1
20:48:36  40  ,ABS(clse-lg2)dc2
20:48:36  41  ,ABS(clse-lg3)dc3
20:48:36  42  ,ABS(clse-lg4)dc4
20:48:36  43  ,ABS(clse-lg5)dc5
20:48:36  44  ,ABS(clse-lg6)dc6
20:48:36  45  ,ABS(clse-lg7)dc7
20:48:36  46  ,ABS(clse-lg8)dc8
20:48:36  47  ,ABS(clse-lg9)dc9
20:48:36  48  ,ABS(clse-lg12)dc12
20:48:36  49  ,ABS(clse-lg18)dc18
20:48:36  50  ,ABS(clse-lg24)dc24
20:48:36  51  ,ABS(clse-lg72)dc72
20:48:36  52  ,(ld4-clse) ug4
20:48:36  53  ,COVAR_POP(rnum,clse)OVER(PARTITION BY pair ORDER BY ydate ROWS BETWEEN 12*2  PRECEDING AND CURRENT ROW)crr2
20:48:36  54  ,COVAR_POP(rnum,clse)OVER(PARTITION BY pair ORDER BY ydate ROWS BETWEEN 12*3  PRECEDING AND CURRENT ROW)crr3
20:48:36  55  ,COVAR_POP(rnum,clse)OVER(PARTITION BY pair ORDER BY ydate ROWS BETWEEN 12*4  PRECEDING AND CURRENT ROW)crr4
20:48:36  56  ,COVAR_POP(rnum,clse)OVER(PARTITION BY pair ORDER BY ydate ROWS BETWEEN 12*5  PRECEDING AND CURRENT ROW)crr5
20:48:36  57  ,COVAR_POP(rnum,clse)OVER(PARTITION BY pair ORDER BY ydate ROWS BETWEEN 12*6  PRECEDING AND CURRENT ROW)crr6
20:48:36  58  ,COVAR_POP(rnum,clse)OVER(PARTITION BY pair ORDER BY ydate ROWS BETWEEN 12*7  PRECEDING AND CURRENT ROW)crr7
20:48:36  59  ,COVAR_POP(rnum,clse)OVER(PARTITION BY pair ORDER BY ydate ROWS BETWEEN 12*8  PRECEDING AND CURRENT ROW)crr8
20:48:36  60  ,COVAR_POP(rnum,clse)OVER(PARTITION BY pair ORDER BY ydate ROWS BETWEEN 12*9  PRECEDING AND CURRENT ROW)crr9
20:48:36  61  ,COVAR_POP(rnum,clse)OVER(PARTITION BY pair ORDER BY ydate ROWS BETWEEN 12*12 PRECEDING AND CURRENT ROW)crr12
20:48:36  62  ,COVAR_POP(rnum,clse)OVER(PARTITION BY pair ORDER BY ydate ROWS BETWEEN 12*24 PRECEDING AND CURRENT ROW)crr24
20:48:36  63  ,COVAR_POP(rnum,clse)OVER(PARTITION BY pair ORDER BY ydate ROWS BETWEEN 12*72 PRECEDING AND CURRENT ROW)crr72
20:48:36  64  ,0+TO_CHAR( ROUND(ydate,'HH24'),'HH24')hh
20:48:36  65  ,0+TO_CHAR(ydate,'D')d
20:48:36  66  ,0+TO_CHAR(ydate,'W')w
20:48:36  67  ,ROUND( (ydate - trunc(ydate))*24*60 )mpm
20:48:36  68  FROM q11
20:48:36  69  -- I dont want any NULL values from the LAG() functions:
20:48:36  70  WHERE lg72 > 0
20:48:36  71  ORDER BY pair,ydate
20:48:36  72  /

Table created.

Elapsed: 00:00:02.02
20:48:38 SQL> 
20:48:38 SQL> -- rpt
20:48:38 SQL> SELECT trend,COUNT(prdate)FROM q13 GROUP BY trend;

     TREND COUNT(PRDATE)
---------- -------------
	 1	   10274
	-1	    9687

Elapsed: 00:00:00.06
20:48:38 SQL> 
20:48:38 SQL> -- Calc gains and ntiles
20:48:38 SQL> DROP TABLE q15;

Table dropped.

Elapsed: 00:00:00.04
20:48:38 SQL> CREATE TABLE q15 COMPRESS AS
20:48:38   2  SELECT
20:48:38   3  pair
20:48:38   4  ,ydate
20:48:38   5  ,prdate -- Should be unique
20:48:38   6  ,trend -- +1 or -1
20:48:38   7  ,dc12 -- next statement needs this
20:48:38   8  -- Use NTILE() to derive some attributes
20:48:38   9  ,NTILE(6)OVER(PARTITION BY trend,pair ORDER BY ABS(d12))		 att00
20:48:38  10  ,NTILE(6)OVER(PARTITION BY trend,pair ORDER BY ABS(d23))		 att01
20:48:38  11  ,NTILE(6)OVER(PARTITION BY trend,pair ORDER BY ABS(d34))		 att02
20:48:38  12  ,NTILE(6)OVER(PARTITION BY trend,pair ORDER BY ABS(d45))		 att03
20:48:38  13  ,NTILE(6)OVER(PARTITION BY trend,pair ORDER BY ABS(d56))		 att04
20:48:38  14  ,NTILE(6)OVER(PARTITION BY trend,pair ORDER BY ABS(d67))		 att05
20:48:38  15  ,NTILE(6)OVER(PARTITION BY trend,pair ORDER BY ABS(d78))		 att06
20:48:38  16  ,NTILE(6)OVER(PARTITION BY trend,pair ORDER BY ABS(d89))		 att07
20:48:38  17  ,NTILE(6)OVER(PARTITION BY trend,pair ORDER BY ABS(d912)) 	 att08
20:48:38  18  ,NTILE(6)OVER(PARTITION BY trend,pair ORDER BY dc2)		 att09
20:48:38  19  ,NTILE(6)OVER(PARTITION BY trend,pair ORDER BY dc3)		 att10
20:48:38  20  ,NTILE(6)OVER(PARTITION BY trend,pair ORDER BY dc4)		 att11
20:48:38  21  ,NTILE(6)OVER(PARTITION BY trend,pair ORDER BY dc5)		 att12
20:48:38  22  ,NTILE(6)OVER(PARTITION BY trend,pair ORDER BY dc6)		 att13
20:48:38  23  ,NTILE(6)OVER(PARTITION BY trend,pair ORDER BY dc7)		 att14
20:48:38  24  ,NTILE(6)OVER(PARTITION BY trend,pair ORDER BY dc8)		 att15
20:48:38  25  ,NTILE(6)OVER(PARTITION BY trend,pair ORDER BY dc9)		 att16
20:48:38  26  ,NTILE(6)OVER(PARTITION BY trend,pair ORDER BY dc12)		 att17
20:48:38  27  ,NTILE(6)OVER(PARTITION BY trend,pair ORDER BY dc24)		 att18
20:48:38  28  ,NTILE(6)OVER(PARTITION BY trend,pair ORDER BY dc72)		 att19
20:48:38  29  ,NTILE(6)OVER(PARTITION BY trend,pair ORDER BY ABS(ROUND(crr2,7))) att20
20:48:38  30  ,NTILE(6)OVER(PARTITION BY trend,pair ORDER BY ABS(ROUND(crr3,7))) att21
20:48:38  31  ,NTILE(6)OVER(PARTITION BY trend,pair ORDER BY ABS(ROUND(crr4,7))) att22
20:48:38  32  ,NTILE(6)OVER(PARTITION BY trend,pair ORDER BY ABS(ROUND(crr5,7))) att23
20:48:38  33  ,NTILE(6)OVER(PARTITION BY trend,pair ORDER BY ABS(ROUND(crr6,7))) att24
20:48:38  34  ,NTILE(6)OVER(PARTITION BY trend,pair ORDER BY ABS(ROUND(crr12,7)))att25
20:48:38  35  ,NTILE(6)OVER(PARTITION BY trend,pair ORDER BY ABS(ROUND(crr24,7)))att26
20:48:38  36  ,NTILE(6)OVER(PARTITION BY trend,pair ORDER BY ABS(ROUND(crr72,7)))att27
20:48:38  37  -- date related integers: hour of day, day of week, week of month, minutes-past-midnight:
20:48:38  38  ,hh    att28
20:48:38  39  ,d     att29
20:48:38  40  ,w     att30
20:48:38  41  ,mpm   att31
20:48:38  42  ,trend att32
20:48:38  43  ,ug4 g4
20:48:38  44  ,CASE WHEN ug4 IS NULL THEN NULL WHEN ug4 > 0.0006 THEN 'up' ELSE 'nup' END gatt
20:48:38  45  ,CASE WHEN ug4 IS NULL THEN NULL WHEN ug4< -0.0006 THEN 'up' ELSE 'nup' END gattn
20:48:38  46  FROM q13
20:48:38  47  ORDER BY pair,ydate
20:48:38  48  /

Table created.

Elapsed: 00:00:03.96
20:48:42 SQL> 
20:48:42 SQL> -- rpt
20:48:42 SQL> SELECT pair,trend,gatt,gattn,AVG(g4),COUNT(g4),CORR(dc12,g4)FROM q15
20:48:42   2  GROUP BY pair,trend,gatt,gattn
20:48:42   3  ORDER BY pair,trend,gatt,gattn
20:48:42   4  /

PAIR	     TREND GAT GAT    AVG(G4)  COUNT(G4) CORR(DC12,G4)
------- ---------- --- --- ---------- ---------- -------------
eur_usd 	-1 nup nup -.00001559	    1451    .040431941
eur_usd 	-1 nup up  -.00362281	    4024    .148664094
eur_usd 	-1 up  nup .003674659	    4174    -.21225544
eur_usd 	-1			       0
eur_usd 	 1 nup nup .000014474	    1741     .03725399
eur_usd 	 1 nup up  -.00342209	    4203     .11794192
eur_usd 	 1 up  nup .003722517	    4320    -.14656632
eur_usd 	 1			       0

8 rows selected.

Elapsed: 00:00:00.04
20:48:42 SQL> 
20:48:42 SQL> -- rpt
20:48:42 SQL> SELECT pair,max(ydate)from q15 group by pair;

PAIR	MAX(YDATE)
------- -------------------
eur_usd 2010-12-16 20:40:00

Elapsed: 00:00:00.01
20:48:42 SQL> 
20:48:42 SQL> DROP TABLE modsrc;

Table dropped.

Elapsed: 00:00:00.04
20:48:42 SQL> CREATE TABLE modsrc COMPRESS AS
20:48:42   2  SELECT
20:48:42   3  pair
20:48:42   4  ,ydate
20:48:42   5  ,prdate
20:48:42   6  ,trend
20:48:42   7  ,g4
20:48:42   8  ,gatt
20:48:42   9  ,gattn
20:48:42  10  ,dc12
20:48:42  11  FROM q15
20:48:42  12  /

Table created.

Elapsed: 00:00:00.08
20:48:42 SQL> 
20:48:42 SQL> ANALYZE TABLE modsrc COMPUTE STATISTICS;

Table analyzed.

Elapsed: 00:00:00.21
20:48:42 SQL> 
20:48:42 SQL> -- rpt
20:48:42 SQL> 
20:48:42 SQL> SELECT COUNT(pair)FROM q11;

COUNT(PAIR)
-----------
      20825

Elapsed: 00:00:00.35
20:48:43 SQL> SELECT COUNT(pair)FROM q13;

COUNT(PAIR)
-----------
      19961

Elapsed: 00:00:00.01
20:48:43 SQL> SELECT COUNT(pair)FROM q15;

COUNT(PAIR)
-----------
      19961

Elapsed: 00:00:00.00
20:48:43 SQL> SELECT COUNT(pair)FROM modsrc;

COUNT(PAIR)
-----------
      19961

Elapsed: 00:00:00.01
20:48:43 SQL> 
20:48:43 SQL> SELECT pair,trend,gatt,gattn,AVG(g4),COUNT(g4),CORR(dc12,g4)FROM modsrc
20:48:43   2  GROUP BY pair,trend,gatt,gattn
20:48:43   3  ORDER BY pair,trend,gatt,gattn
20:48:43   4  /

PAIR	     TREND GAT GAT    AVG(G4)  COUNT(G4) CORR(DC12,G4)
------- ---------- --- --- ---------- ---------- -------------
eur_usd 	-1 nup nup -.00001559	    1451    .040431941
eur_usd 	-1 nup up  -.00362281	    4024    .148664094
eur_usd 	-1 up  nup .003674659	    4174    -.21225544
eur_usd 	-1			       0
eur_usd 	 1 nup nup .000014474	    1741     .03725399
eur_usd 	 1 nup up  -.00342209	    4203     .11794192
eur_usd 	 1 up  nup .003722517	    4320    -.14656632
eur_usd 	 1			       0

8 rows selected.

Elapsed: 00:00:00.02
20:48:43 SQL> 
20:48:43 SQL> DROP   TABLE eur_ms10 ;

Table dropped.

Elapsed: 00:00:00.08
20:48:43 SQL> CREATE TABLE eur_ms10 COMPRESS AS
20:48:43   2  SELECT
20:48:43   3  ydate
20:48:43   4  ,trend eur_trend
20:48:43   5  ,g4    eur_g4
20:48:43   6  ,gatt  eur_gatt
20:48:43   7  ,gattn eur_gattn
20:48:43   8  FROM modsrc
20:48:43   9  /

Table created.

Elapsed: 00:00:00.07
20:48:43 SQL> 
20:48:43 SQL> ANALYZE TABLE eur_ms10 COMPUTE STATISTICS;

Table analyzed.

Elapsed: 00:00:00.16
20:48:43 SQL> 
20:48:43 SQL> -- rpt
20:48:43 SQL> SELECT trend,MIN(ydate),MAX(ydate),COUNT(g4),MIN(g4),MAX(g4)FROM modsrc GROUP BY trend;

     TREND MIN(YDATE)	       MAX(YDATE)	    COUNT(G4)	 MIN(G4)    MAX(G4)
---------- ------------------- ------------------- ---------- ---------- ----------
	 1 2010-09-12 22:15:01 2010-12-16 20:10:00	10264	  -.0153      .0165
	-1 2010-09-10 20:50:01 2010-12-16 20:40:00	 9649	  -.0164      .0167

Elapsed: 00:00:00.02
20:48:43 SQL> SELECT eur_trend,MIN(ydate),MAX(ydate),COUNT(eur_trend),MIN(eur_g4),MAX(eur_g4)FROM eur_ms10 GROUP BY eur_trend;

 EUR_TREND MIN(YDATE)	       MAX(YDATE)	   COUNT(EUR_TREND) MIN(EUR_G4) MAX(EUR_G4)
---------- ------------------- ------------------- ---------------- ----------- -----------
	 1 2010-09-12 22:15:01 2010-12-16 20:10:00	      10274	 -.0153       .0165
	-1 2010-09-10 20:50:01 2010-12-16 20:40:00	       9687	 -.0164       .0167

Elapsed: 00:00:00.02
20:48:43 SQL> 
20:48:43 SQL> -- I need a copy of q15 attributes
20:48:43 SQL> 
20:48:43 SQL> DROP   TABLE eur_att;

Table dropped.

Elapsed: 00:00:00.05
20:48:43 SQL> CREATE TABLE eur_att COMPRESS AS
20:48:43   2  SELECT
20:48:43   3  ydate
20:48:43   4  ,att00 eur_att00
20:48:43   5  ,att01 eur_att01
20:48:43   6  ,att02 eur_att02
20:48:43   7  ,att03 eur_att03
20:48:43   8  ,att04 eur_att04
20:48:43   9  ,att05 eur_att05
20:48:43  10  ,att06 eur_att06
20:48:43  11  ,att07 eur_att07
20:48:43  12  ,att08 eur_att08
20:48:43  13  ,att09 eur_att09
20:48:43  14  ,att10 eur_att10
20:48:43  15  ,att11 eur_att11
20:48:43  16  ,att12 eur_att12
20:48:43  17  ,att13 eur_att13
20:48:43  18  ,att14 eur_att14
20:48:43  19  ,att15 eur_att15
20:48:43  20  ,att16 eur_att16
20:48:43  21  ,att17 eur_att17
20:48:43  22  ,att18 eur_att18
20:48:43  23  ,att19 eur_att19
20:48:43  24  ,att20 eur_att20
20:48:43  25  ,att21 eur_att21
20:48:43  26  ,att22 eur_att22
20:48:43  27  ,att23 eur_att23
20:48:43  28  ,att24 eur_att24
20:48:43  29  ,att25 eur_att25
20:48:43  30  ,att26 eur_att26
20:48:43  31  ,att27 eur_att27
20:48:43  32  ,att28 eur_att28
20:48:43  33  ,att29 eur_att29
20:48:43  34  ,att30 eur_att30
20:48:43  35  ,att31 eur_att31
20:48:43  36  ,att32 eur_att32
20:48:43  37  FROM q15
20:48:43  38  /

Table created.

Elapsed: 00:00:00.14
20:48:43 SQL> 
20:48:43 SQL> ANALYZE TABLE eur_att COMPUTE STATISTICS;

Table analyzed.

Elapsed: 00:00:00.43
20:48:44 SQL> 
20:48:44 SQL> -- rpt
20:48:44 SQL> SELECT COUNT(*)FROM eur_att;

  COUNT(*)
----------
     19961

Elapsed: 00:00:00.00
20:48:44 SQL> 
20:48:44 SQL> --
20:48:44 SQL> -- aud10.sql
20:48:44 SQL> --
20:48:44 SQL> 
20:48:44 SQL> -- Creates views and tables for backtesting a forex SVM strategy
20:48:44 SQL> 
20:48:44 SQL> PURGE RECYCLEBIN;

Recyclebin purged.

Elapsed: 00:00:00.45
20:48:44 SQL> 
20:48:44 SQL> -- I created di5min here:
20:48:44 SQL> -- /pt/s/rlk/svm4hp/update_di5min.sql
20:48:44 SQL> 
20:48:44 SQL> CREATE OR REPLACE VIEW q11 AS
20:48:44   2  SELECT
20:48:44   3  pair
20:48:44   4  ,ydate
20:48:44   5  ,prdate
20:48:44   6  ,rownum rnum -- acts as t in my time-series
20:48:44   7  ,clse
20:48:44   8  ,LAG(clse,12*1,NULL)OVER(PARTITION BY pair ORDER BY ydate) lg1
20:48:44   9  ,LAG(clse,12*2,NULL)OVER(PARTITION BY pair ORDER BY ydate) lg2
20:48:44  10  ,LAG(clse,12*3,NULL)OVER(PARTITION BY pair ORDER BY ydate) lg3
20:48:44  11  ,LAG(clse,12*4,NULL)OVER(PARTITION BY pair ORDER BY ydate) lg4
20:48:44  12  ,LAG(clse,12*5,NULL)OVER(PARTITION BY pair ORDER BY ydate) lg5
20:48:44  13  ,LAG(clse,12*6,NULL)OVER(PARTITION BY pair ORDER BY ydate) lg6
20:48:44  14  ,LAG(clse,12*7,NULL)OVER(PARTITION BY pair ORDER BY ydate) lg7
20:48:44  15  ,LAG(clse,12*8,NULL)OVER(PARTITION BY pair ORDER BY ydate) lg8
20:48:44  16  ,LAG(clse,12*9,NULL)OVER(PARTITION BY pair ORDER BY ydate) lg9
20:48:44  17  ,LAG(clse,12*12,NULL)OVER(PARTITION BY pair ORDER BY ydate) lg12
20:48:44  18  ,LAG(clse,12*18,NULL)OVER(PARTITION BY pair ORDER BY ydate) lg18
20:48:44  19  ,LAG(clse,12*24,NULL)OVER(PARTITION BY pair ORDER BY ydate) lg24
20:48:44  20  ,LAG(clse,12*72,NULL)OVER(PARTITION BY pair ORDER BY ydate) lg72
20:48:44  21  ,LEAD(clse,12*4,NULL)OVER(PARTITION BY pair ORDER BY ydate) ld4
20:48:44  22  FROM di5min WHERE pair LIKE'%aud%'
20:48:44  23  ORDER BY ydate
20:48:44  24  /

View created.

Elapsed: 00:00:00.05
20:48:44 SQL> 
20:48:44 SQL> -- rpt
20:48:44 SQL> SELECT pair,COUNT(ydate) FROM q11 GROUP BY pair;

PAIR	COUNT(YDATE)
------- ------------
aud_usd        20822

Elapsed: 00:00:00.35
20:48:45 SQL> 
20:48:45 SQL> -- Calc deltas and gains
20:48:45 SQL> DROP TABLE q13;

Table dropped.

Elapsed: 00:00:00.19
20:48:45 SQL> 
20:48:45 SQL> CREATE TABLE q13 COMPRESS AS
20:48:45   2  SELECT
20:48:45   3  pair
20:48:45   4  ,ydate
20:48:45   5  ,prdate
20:48:45   6  ,rnum
20:48:45   7  ,lg4
20:48:45   8  ,lg8
20:48:45   9  ,lg12
20:48:45  10  ,ld4
20:48:45  11  ,CASE WHEN(clse-lg12)>0 then 1 ELSE -1 END trend
20:48:45  12  -- step by 1
20:48:45  13  ,clse-lg1 d01
20:48:45  14  ,lg1-lg2	d12
20:48:45  15  ,lg2-lg3	d23
20:48:45  16  ,lg3-lg4	d34
20:48:45  17  ,lg4-lg5	d45
20:48:45  18  ,lg5-lg6	d56
20:48:45  19  ,lg6-lg7	d67
20:48:45  20  ,lg7-lg8	d78
20:48:45  21  ,lg8-lg9	d89
20:48:45  22  -- step by 2
20:48:45  23  ,clse-lg2 d02
20:48:45  24  ,lg2-lg4 d24
20:48:45  25  ,lg4-lg6 d46
20:48:45  26  ,lg6-lg8 d68
20:48:45  27  -- step by 3
20:48:45  28  ,clse-lg3 d03
20:48:45  29  ,lg3-lg6	d36
20:48:45  30  ,lg6-lg9	d69
20:48:45  31  ,lg9-lg12 d912
20:48:45  32  -- step by 4
20:48:45  33  ,clse-lg4 d04
20:48:45  34  ,lg4-lg8	d48
20:48:45  35  ,lg8-lg12 d812
20:48:45  36  ,lg6-lg12 d612
20:48:45  37  ,lg12-lg18 d1218
20:48:45  38  --
20:48:45  39  ,ABS(clse-lg1)dc1
20:48:45  40  ,ABS(clse-lg2)dc2
20:48:45  41  ,ABS(clse-lg3)dc3
20:48:45  42  ,ABS(clse-lg4)dc4
20:48:45  43  ,ABS(clse-lg5)dc5
20:48:45  44  ,ABS(clse-lg6)dc6
20:48:45  45  ,ABS(clse-lg7)dc7
20:48:45  46  ,ABS(clse-lg8)dc8
20:48:45  47  ,ABS(clse-lg9)dc9
20:48:45  48  ,ABS(clse-lg12)dc12
20:48:45  49  ,ABS(clse-lg18)dc18
20:48:45  50  ,ABS(clse-lg24)dc24
20:48:45  51  ,ABS(clse-lg72)dc72
20:48:45  52  ,(ld4-clse) ug4
20:48:45  53  ,COVAR_POP(rnum,clse)OVER(PARTITION BY pair ORDER BY ydate ROWS BETWEEN 12*2  PRECEDING AND CURRENT ROW)crr2
20:48:45  54  ,COVAR_POP(rnum,clse)OVER(PARTITION BY pair ORDER BY ydate ROWS BETWEEN 12*3  PRECEDING AND CURRENT ROW)crr3
20:48:45  55  ,COVAR_POP(rnum,clse)OVER(PARTITION BY pair ORDER BY ydate ROWS BETWEEN 12*4  PRECEDING AND CURRENT ROW)crr4
20:48:45  56  ,COVAR_POP(rnum,clse)OVER(PARTITION BY pair ORDER BY ydate ROWS BETWEEN 12*5  PRECEDING AND CURRENT ROW)crr5
20:48:45  57  ,COVAR_POP(rnum,clse)OVER(PARTITION BY pair ORDER BY ydate ROWS BETWEEN 12*6  PRECEDING AND CURRENT ROW)crr6
20:48:45  58  ,COVAR_POP(rnum,clse)OVER(PARTITION BY pair ORDER BY ydate ROWS BETWEEN 12*7  PRECEDING AND CURRENT ROW)crr7
20:48:45  59  ,COVAR_POP(rnum,clse)OVER(PARTITION BY pair ORDER BY ydate ROWS BETWEEN 12*8  PRECEDING AND CURRENT ROW)crr8
20:48:45  60  ,COVAR_POP(rnum,clse)OVER(PARTITION BY pair ORDER BY ydate ROWS BETWEEN 12*9  PRECEDING AND CURRENT ROW)crr9
20:48:45  61  ,COVAR_POP(rnum,clse)OVER(PARTITION BY pair ORDER BY ydate ROWS BETWEEN 12*12 PRECEDING AND CURRENT ROW)crr12
20:48:45  62  ,COVAR_POP(rnum,clse)OVER(PARTITION BY pair ORDER BY ydate ROWS BETWEEN 12*24 PRECEDING AND CURRENT ROW)crr24
20:48:45  63  ,COVAR_POP(rnum,clse)OVER(PARTITION BY pair ORDER BY ydate ROWS BETWEEN 12*72 PRECEDING AND CURRENT ROW)crr72
20:48:45  64  ,0+TO_CHAR( ROUND(ydate,'HH24'),'HH24')hh
20:48:45  65  ,0+TO_CHAR(ydate,'D')d
20:48:45  66  ,0+TO_CHAR(ydate,'W')w
20:48:45  67  ,ROUND( (ydate - trunc(ydate))*24*60 )mpm
20:48:45  68  FROM q11
20:48:45  69  -- I dont want any NULL values from the LAG() functions:
20:48:45  70  WHERE lg72 > 0
20:48:45  71  ORDER BY pair,ydate
20:48:45  72  /

Table created.

Elapsed: 00:00:01.70
20:48:47 SQL> 
20:48:47 SQL> -- rpt
20:48:47 SQL> SELECT trend,COUNT(prdate)FROM q13 GROUP BY trend;

     TREND COUNT(PRDATE)
---------- -------------
	 1	   10463
	-1	    9495

Elapsed: 00:00:00.03
20:48:47 SQL> 
20:48:47 SQL> -- Calc gains and ntiles
20:48:47 SQL> DROP TABLE q15;

Table dropped.

Elapsed: 00:00:00.17
20:48:47 SQL> CREATE TABLE q15 COMPRESS AS
20:48:47   2  SELECT
20:48:47   3  pair
20:48:47   4  ,ydate
20:48:47   5  ,prdate -- Should be unique
20:48:47   6  ,trend -- +1 or -1
20:48:47   7  ,dc12 -- next statement needs this
20:48:47   8  -- Use NTILE() to derive some attributes
20:48:47   9  ,NTILE(6)OVER(PARTITION BY trend,pair ORDER BY ABS(d12))		 att00
20:48:47  10  ,NTILE(6)OVER(PARTITION BY trend,pair ORDER BY ABS(d23))		 att01
20:48:47  11  ,NTILE(6)OVER(PARTITION BY trend,pair ORDER BY ABS(d34))		 att02
20:48:47  12  ,NTILE(6)OVER(PARTITION BY trend,pair ORDER BY ABS(d45))		 att03
20:48:47  13  ,NTILE(6)OVER(PARTITION BY trend,pair ORDER BY ABS(d56))		 att04
20:48:47  14  ,NTILE(6)OVER(PARTITION BY trend,pair ORDER BY ABS(d67))		 att05
20:48:47  15  ,NTILE(6)OVER(PARTITION BY trend,pair ORDER BY ABS(d78))		 att06
20:48:47  16  ,NTILE(6)OVER(PARTITION BY trend,pair ORDER BY ABS(d89))		 att07
20:48:47  17  ,NTILE(6)OVER(PARTITION BY trend,pair ORDER BY ABS(d912)) 	 att08
20:48:47  18  ,NTILE(6)OVER(PARTITION BY trend,pair ORDER BY dc2)		 att09
20:48:47  19  ,NTILE(6)OVER(PARTITION BY trend,pair ORDER BY dc3)		 att10
20:48:47  20  ,NTILE(6)OVER(PARTITION BY trend,pair ORDER BY dc4)		 att11
20:48:47  21  ,NTILE(6)OVER(PARTITION BY trend,pair ORDER BY dc5)		 att12
20:48:47  22  ,NTILE(6)OVER(PARTITION BY trend,pair ORDER BY dc6)		 att13
20:48:47  23  ,NTILE(6)OVER(PARTITION BY trend,pair ORDER BY dc7)		 att14
20:48:47  24  ,NTILE(6)OVER(PARTITION BY trend,pair ORDER BY dc8)		 att15
20:48:47  25  ,NTILE(6)OVER(PARTITION BY trend,pair ORDER BY dc9)		 att16
20:48:47  26  ,NTILE(6)OVER(PARTITION BY trend,pair ORDER BY dc12)		 att17
20:48:47  27  ,NTILE(6)OVER(PARTITION BY trend,pair ORDER BY dc24)		 att18
20:48:47  28  ,NTILE(6)OVER(PARTITION BY trend,pair ORDER BY dc72)		 att19
20:48:47  29  ,NTILE(6)OVER(PARTITION BY trend,pair ORDER BY ABS(ROUND(crr2,7))) att20
20:48:47  30  ,NTILE(6)OVER(PARTITION BY trend,pair ORDER BY ABS(ROUND(crr3,7))) att21
20:48:47  31  ,NTILE(6)OVER(PARTITION BY trend,pair ORDER BY ABS(ROUND(crr4,7))) att22
20:48:47  32  ,NTILE(6)OVER(PARTITION BY trend,pair ORDER BY ABS(ROUND(crr5,7))) att23
20:48:47  33  ,NTILE(6)OVER(PARTITION BY trend,pair ORDER BY ABS(ROUND(crr6,7))) att24
20:48:47  34  ,NTILE(6)OVER(PARTITION BY trend,pair ORDER BY ABS(ROUND(crr12,7)))att25
20:48:47  35  ,NTILE(6)OVER(PARTITION BY trend,pair ORDER BY ABS(ROUND(crr24,7)))att26
20:48:47  36  ,NTILE(6)OVER(PARTITION BY trend,pair ORDER BY ABS(ROUND(crr72,7)))att27
20:48:47  37  -- date related integers: hour of day, day of week, week of month, minutes-past-midnight:
20:48:47  38  ,hh    att28
20:48:47  39  ,d     att29
20:48:47  40  ,w     att30
20:48:47  41  ,mpm   att31
20:48:47  42  ,trend att32
20:48:47  43  ,ug4 g4
20:48:47  44  ,CASE WHEN ug4 IS NULL THEN NULL WHEN ug4 > 0.0006 THEN 'up' ELSE 'nup' END gatt
20:48:47  45  ,CASE WHEN ug4 IS NULL THEN NULL WHEN ug4< -0.0006 THEN 'up' ELSE 'nup' END gattn
20:48:47  46  FROM q13
20:48:47  47  ORDER BY pair,ydate
20:48:47  48  /

Table created.

Elapsed: 00:00:04.02
20:48:51 SQL> 
20:48:51 SQL> -- rpt
20:48:51 SQL> SELECT pair,trend,gatt,gattn,AVG(g4),COUNT(g4),CORR(dc12,g4)FROM q15
20:48:51   2  GROUP BY pair,trend,gatt,gattn
20:48:51   3  ORDER BY pair,trend,gatt,gattn
20:48:51   4  /

PAIR	     TREND GAT GAT    AVG(G4)  COUNT(G4) CORR(DC12,G4)
------- ---------- --- --- ---------- ---------- -------------
aud_usd 	-1 nup nup .000032531	    1537    -.04095214
aud_usd 	-1 nup up  -.00318952	    3595    .000866359
aud_usd 	-1 up  nup .002978654	    4345    .025867345
aud_usd 	-1			       0
aud_usd 	 1 nup nup 2.9795E-06	    1955    .022883713
aud_usd 	 1 nup up   -.0028891	    4057    .054230128
aud_usd 	 1 up  nup .002942338	    4421    -.18055029
aud_usd 	 1			       0

8 rows selected.

Elapsed: 00:00:00.04
20:48:51 SQL> 
20:48:51 SQL> -- rpt
20:48:51 SQL> SELECT pair,max(ydate)from q15 group by pair;

PAIR	MAX(YDATE)
------- -------------------
aud_usd 2010-12-16 20:40:00

Elapsed: 00:00:00.01
20:48:51 SQL> 
20:48:51 SQL> DROP TABLE modsrc;

Table dropped.

Elapsed: 00:00:00.15
20:48:51 SQL> CREATE TABLE modsrc COMPRESS AS
20:48:51   2  SELECT
20:48:51   3  pair
20:48:51   4  ,ydate
20:48:51   5  ,prdate
20:48:51   6  ,trend
20:48:51   7  ,g4
20:48:51   8  ,gatt
20:48:51   9  ,gattn
20:48:51  10  ,dc12
20:48:51  11  FROM q15
20:48:51  12  /

Table created.

Elapsed: 00:00:00.09
20:48:51 SQL> 
20:48:51 SQL> ANALYZE TABLE modsrc COMPUTE STATISTICS;

Table analyzed.

Elapsed: 00:00:00.24
20:48:51 SQL> 
20:48:51 SQL> -- rpt
20:48:51 SQL> 
20:48:51 SQL> SELECT COUNT(pair)FROM q11;

COUNT(PAIR)
-----------
      20822

Elapsed: 00:00:00.34
20:48:52 SQL> SELECT COUNT(pair)FROM q13;

COUNT(PAIR)
-----------
      19958

Elapsed: 00:00:00.01
20:48:52 SQL> SELECT COUNT(pair)FROM q15;

COUNT(PAIR)
-----------
      19958

Elapsed: 00:00:00.00
20:48:52 SQL> SELECT COUNT(pair)FROM modsrc;

COUNT(PAIR)
-----------
      19958

Elapsed: 00:00:00.00
20:48:52 SQL> 
20:48:52 SQL> SELECT pair,trend,gatt,gattn,AVG(g4),COUNT(g4),CORR(dc12,g4)FROM modsrc
20:48:52   2  GROUP BY pair,trend,gatt,gattn
20:48:52   3  ORDER BY pair,trend,gatt,gattn
20:48:52   4  /

PAIR	     TREND GAT GAT    AVG(G4)  COUNT(G4) CORR(DC12,G4)
------- ---------- --- --- ---------- ---------- -------------
aud_usd 	-1 nup nup .000032531	    1537    -.04095214
aud_usd 	-1 nup up  -.00318952	    3595    .000866359
aud_usd 	-1 up  nup .002978654	    4345    .025867345
aud_usd 	-1			       0
aud_usd 	 1 nup nup 2.9795E-06	    1955    .022883713
aud_usd 	 1 nup up   -.0028891	    4057    .054230128
aud_usd 	 1 up  nup .002942338	    4421    -.18055029
aud_usd 	 1			       0

8 rows selected.

Elapsed: 00:00:00.02
20:48:52 SQL> 
20:48:52 SQL> DROP   TABLE aud_ms10 ;

Table dropped.

Elapsed: 00:00:00.03
20:48:52 SQL> CREATE TABLE aud_ms10 COMPRESS AS
20:48:52   2  SELECT
20:48:52   3  ydate
20:48:52   4  ,trend aud_trend
20:48:52   5  ,g4    aud_g4
20:48:52   6  ,gatt  aud_gatt
20:48:52   7  ,gattn aud_gattn
20:48:52   8  FROM modsrc
20:48:52   9  /

Table created.

Elapsed: 00:00:00.09
20:48:52 SQL> 
20:48:52 SQL> ANALYZE TABLE aud_ms10 COMPUTE STATISTICS;

Table analyzed.

Elapsed: 00:00:00.16
20:48:52 SQL> 
20:48:52 SQL> -- rpt
20:48:52 SQL> SELECT trend,MIN(ydate),MAX(ydate),COUNT(g4),MIN(g4),MAX(g4)FROM modsrc GROUP BY trend;

     TREND MIN(YDATE)	       MAX(YDATE)	    COUNT(G4)	 MIN(G4)    MAX(G4)
---------- ------------------- ------------------- ---------- ---------- ----------
	 1 2010-09-10 20:50:01 2010-12-16 20:30:00	10433	  -.0162    .010925
	-1 2010-09-14 00:35:01 2010-12-16 20:40:00	 9477	   -.017      .0131

Elapsed: 00:00:00.02
20:48:52 SQL> SELECT aud_trend,MIN(ydate),MAX(ydate),COUNT(aud_trend),MIN(aud_g4),MAX(aud_g4)FROM aud_ms10 GROUP BY aud_trend;

 AUD_TREND MIN(YDATE)	       MAX(YDATE)	   COUNT(AUD_TREND) MIN(AUD_G4) MAX(AUD_G4)
---------- ------------------- ------------------- ---------------- ----------- -----------
	 1 2010-09-10 20:50:01 2010-12-16 20:30:00	      10463	 -.0162     .010925
	-1 2010-09-14 00:35:01 2010-12-16 20:40:00	       9495	  -.017       .0131

Elapsed: 00:00:00.02
20:48:52 SQL> 
20:48:52 SQL> -- I need a copy of q15 attributes
20:48:52 SQL> 
20:48:52 SQL> DROP   TABLE aud_att;

Table dropped.

Elapsed: 00:00:00.04
20:48:52 SQL> CREATE TABLE aud_att COMPRESS AS
20:48:52   2  SELECT
20:48:52   3  ydate
20:48:52   4  ,att00 aud_att00
20:48:52   5  ,att01 aud_att01
20:48:52   6  ,att02 aud_att02
20:48:52   7  ,att03 aud_att03
20:48:52   8  ,att04 aud_att04
20:48:52   9  ,att05 aud_att05
20:48:52  10  ,att06 aud_att06
20:48:52  11  ,att07 aud_att07
20:48:52  12  ,att08 aud_att08
20:48:52  13  ,att09 aud_att09
20:48:52  14  ,att10 aud_att10
20:48:52  15  ,att11 aud_att11
20:48:52  16  ,att12 aud_att12
20:48:52  17  ,att13 aud_att13
20:48:52  18  ,att14 aud_att14
20:48:52  19  ,att15 aud_att15
20:48:52  20  ,att16 aud_att16
20:48:52  21  ,att17 aud_att17
20:48:52  22  ,att18 aud_att18
20:48:52  23  ,att19 aud_att19
20:48:52  24  ,att20 aud_att20
20:48:52  25  ,att21 aud_att21
20:48:52  26  ,att22 aud_att22
20:48:52  27  ,att23 aud_att23
20:48:52  28  ,att24 aud_att24
20:48:52  29  ,att25 aud_att25
20:48:52  30  ,att26 aud_att26
20:48:52  31  ,att27 aud_att27
20:48:52  32  ,att28 aud_att28
20:48:52  33  ,att29 aud_att29
20:48:52  34  ,att30 aud_att30
20:48:52  35  ,att31 aud_att31
20:48:52  36  ,att32 aud_att32
20:48:52  37  FROM q15
20:48:52  38  /

Table created.

Elapsed: 00:00:00.14
20:48:52 SQL> 
20:48:52 SQL> ANALYZE TABLE aud_att COMPUTE STATISTICS;

Table analyzed.

Elapsed: 00:00:00.42
20:48:53 SQL> 
20:48:53 SQL> -- rpt
20:48:53 SQL> SELECT COUNT(*)FROM aud_att;

  COUNT(*)
----------
     19958

Elapsed: 00:00:00.01
20:48:53 SQL> 
20:48:53 SQL> --
20:48:53 SQL> -- gbp10.sql
20:48:53 SQL> --
20:48:53 SQL> 
20:48:53 SQL> -- Creates views and tables for backtesting a forex SVM strategy
20:48:53 SQL> 
20:48:53 SQL> PURGE RECYCLEBIN;

Recyclebin purged.

Elapsed: 00:00:00.30
20:48:53 SQL> 
20:48:53 SQL> -- I created di5min here:
20:48:53 SQL> -- /pt/s/rlk/svm4hp/update_di5min.sql
20:48:53 SQL> 
20:48:53 SQL> CREATE OR REPLACE VIEW q11 AS
20:48:53   2  SELECT
20:48:53   3  pair
20:48:53   4  ,ydate
20:48:53   5  ,prdate
20:48:53   6  ,rownum rnum -- acts as t in my time-series
20:48:53   7  ,clse
20:48:53   8  ,LAG(clse,12*1,NULL)OVER(PARTITION BY pair ORDER BY ydate) lg1
20:48:53   9  ,LAG(clse,12*2,NULL)OVER(PARTITION BY pair ORDER BY ydate) lg2
20:48:53  10  ,LAG(clse,12*3,NULL)OVER(PARTITION BY pair ORDER BY ydate) lg3
20:48:53  11  ,LAG(clse,12*4,NULL)OVER(PARTITION BY pair ORDER BY ydate) lg4
20:48:53  12  ,LAG(clse,12*5,NULL)OVER(PARTITION BY pair ORDER BY ydate) lg5
20:48:53  13  ,LAG(clse,12*6,NULL)OVER(PARTITION BY pair ORDER BY ydate) lg6
20:48:53  14  ,LAG(clse,12*7,NULL)OVER(PARTITION BY pair ORDER BY ydate) lg7
20:48:53  15  ,LAG(clse,12*8,NULL)OVER(PARTITION BY pair ORDER BY ydate) lg8
20:48:53  16  ,LAG(clse,12*9,NULL)OVER(PARTITION BY pair ORDER BY ydate) lg9
20:48:53  17  ,LAG(clse,12*12,NULL)OVER(PARTITION BY pair ORDER BY ydate) lg12
20:48:53  18  ,LAG(clse,12*18,NULL)OVER(PARTITION BY pair ORDER BY ydate) lg18
20:48:53  19  ,LAG(clse,12*24,NULL)OVER(PARTITION BY pair ORDER BY ydate) lg24
20:48:53  20  ,LAG(clse,12*72,NULL)OVER(PARTITION BY pair ORDER BY ydate) lg72
20:48:53  21  ,LEAD(clse,12*4,NULL)OVER(PARTITION BY pair ORDER BY ydate) ld4
20:48:53  22  FROM di5min WHERE pair LIKE'%gbp%'
20:48:53  23  ORDER BY ydate
20:48:53  24  /

View created.

Elapsed: 00:00:00.04
20:48:53 SQL> 
20:48:53 SQL> -- rpt
20:48:53 SQL> SELECT pair,COUNT(ydate) FROM q11 GROUP BY pair;

PAIR	COUNT(YDATE)
------- ------------
gbp_usd        20824

Elapsed: 00:00:00.36
20:48:53 SQL> 
20:48:53 SQL> -- Calc deltas and gains
20:48:53 SQL> DROP TABLE q13;

Table dropped.

Elapsed: 00:00:00.24
20:48:54 SQL> 
20:48:54 SQL> CREATE TABLE q13 COMPRESS AS
20:48:54   2  SELECT
20:48:54   3  pair
20:48:54   4  ,ydate
20:48:54   5  ,prdate
20:48:54   6  ,rnum
20:48:54   7  ,lg4
20:48:54   8  ,lg8
20:48:54   9  ,lg12
20:48:54  10  ,ld4
20:48:54  11  ,CASE WHEN(clse-lg12)>0 then 1 ELSE -1 END trend
20:48:54  12  -- step by 1
20:48:54  13  ,clse-lg1 d01
20:48:54  14  ,lg1-lg2	d12
20:48:54  15  ,lg2-lg3	d23
20:48:54  16  ,lg3-lg4	d34
20:48:54  17  ,lg4-lg5	d45
20:48:54  18  ,lg5-lg6	d56
20:48:54  19  ,lg6-lg7	d67
20:48:54  20  ,lg7-lg8	d78
20:48:54  21  ,lg8-lg9	d89
20:48:54  22  -- step by 2
20:48:54  23  ,clse-lg2 d02
20:48:54  24  ,lg2-lg4 d24
20:48:54  25  ,lg4-lg6 d46
20:48:54  26  ,lg6-lg8 d68
20:48:54  27  -- step by 3
20:48:54  28  ,clse-lg3 d03
20:48:54  29  ,lg3-lg6	d36
20:48:54  30  ,lg6-lg9	d69
20:48:54  31  ,lg9-lg12 d912
20:48:54  32  -- step by 4
20:48:54  33  ,clse-lg4 d04
20:48:54  34  ,lg4-lg8	d48
20:48:54  35  ,lg8-lg12 d812
20:48:54  36  ,lg6-lg12 d612
20:48:54  37  ,lg12-lg18 d1218
20:48:54  38  --
20:48:54  39  ,ABS(clse-lg1)dc1
20:48:54  40  ,ABS(clse-lg2)dc2
20:48:54  41  ,ABS(clse-lg3)dc3
20:48:54  42  ,ABS(clse-lg4)dc4
20:48:54  43  ,ABS(clse-lg5)dc5
20:48:54  44  ,ABS(clse-lg6)dc6
20:48:54  45  ,ABS(clse-lg7)dc7
20:48:54  46  ,ABS(clse-lg8)dc8
20:48:54  47  ,ABS(clse-lg9)dc9
20:48:54  48  ,ABS(clse-lg12)dc12
20:48:54  49  ,ABS(clse-lg18)dc18
20:48:54  50  ,ABS(clse-lg24)dc24
20:48:54  51  ,ABS(clse-lg72)dc72
20:48:54  52  ,(ld4-clse) ug4
20:48:54  53  ,COVAR_POP(rnum,clse)OVER(PARTITION BY pair ORDER BY ydate ROWS BETWEEN 12*2  PRECEDING AND CURRENT ROW)crr2
20:48:54  54  ,COVAR_POP(rnum,clse)OVER(PARTITION BY pair ORDER BY ydate ROWS BETWEEN 12*3  PRECEDING AND CURRENT ROW)crr3
20:48:54  55  ,COVAR_POP(rnum,clse)OVER(PARTITION BY pair ORDER BY ydate ROWS BETWEEN 12*4  PRECEDING AND CURRENT ROW)crr4
20:48:54  56  ,COVAR_POP(rnum,clse)OVER(PARTITION BY pair ORDER BY ydate ROWS BETWEEN 12*5  PRECEDING AND CURRENT ROW)crr5
20:48:54  57  ,COVAR_POP(rnum,clse)OVER(PARTITION BY pair ORDER BY ydate ROWS BETWEEN 12*6  PRECEDING AND CURRENT ROW)crr6
20:48:54  58  ,COVAR_POP(rnum,clse)OVER(PARTITION BY pair ORDER BY ydate ROWS BETWEEN 12*7  PRECEDING AND CURRENT ROW)crr7
20:48:54  59  ,COVAR_POP(rnum,clse)OVER(PARTITION BY pair ORDER BY ydate ROWS BETWEEN 12*8  PRECEDING AND CURRENT ROW)crr8
20:48:54  60  ,COVAR_POP(rnum,clse)OVER(PARTITION BY pair ORDER BY ydate ROWS BETWEEN 12*9  PRECEDING AND CURRENT ROW)crr9
20:48:54  61  ,COVAR_POP(rnum,clse)OVER(PARTITION BY pair ORDER BY ydate ROWS BETWEEN 12*12 PRECEDING AND CURRENT ROW)crr12
20:48:54  62  ,COVAR_POP(rnum,clse)OVER(PARTITION BY pair ORDER BY ydate ROWS BETWEEN 12*24 PRECEDING AND CURRENT ROW)crr24
20:48:54  63  ,COVAR_POP(rnum,clse)OVER(PARTITION BY pair ORDER BY ydate ROWS BETWEEN 12*72 PRECEDING AND CURRENT ROW)crr72
20:48:54  64  ,0+TO_CHAR( ROUND(ydate,'HH24'),'HH24')hh
20:48:54  65  ,0+TO_CHAR(ydate,'D')d
20:48:54  66  ,0+TO_CHAR(ydate,'W')w
20:48:54  67  ,ROUND( (ydate - trunc(ydate))*24*60 )mpm
20:48:54  68  FROM q11
20:48:54  69  -- I dont want any NULL values from the LAG() functions:
20:48:54  70  WHERE lg72 > 0
20:48:54  71  ORDER BY pair,ydate
20:48:54  72  /

Table created.

Elapsed: 00:00:01.71
20:48:55 SQL> 
20:48:55 SQL> -- rpt
20:48:55 SQL> SELECT trend,COUNT(prdate)FROM q13 GROUP BY trend;

     TREND COUNT(PRDATE)
---------- -------------
	 1	    9710
	-1	   10250

Elapsed: 00:00:00.03
20:48:55 SQL> 
20:48:55 SQL> -- Calc gains and ntiles
20:48:55 SQL> DROP TABLE q15;

Table dropped.

Elapsed: 00:00:00.12
20:48:55 SQL> CREATE TABLE q15 COMPRESS AS
20:48:55   2  SELECT
20:48:55   3  pair
20:48:55   4  ,ydate
20:48:55   5  ,prdate -- Should be unique
20:48:55   6  ,trend -- +1 or -1
20:48:55   7  ,dc12 -- next statement needs this
20:48:55   8  -- Use NTILE() to derive some attributes
20:48:55   9  ,NTILE(6)OVER(PARTITION BY trend,pair ORDER BY ABS(d12))		 att00
20:48:55  10  ,NTILE(6)OVER(PARTITION BY trend,pair ORDER BY ABS(d23))		 att01
20:48:55  11  ,NTILE(6)OVER(PARTITION BY trend,pair ORDER BY ABS(d34))		 att02
20:48:55  12  ,NTILE(6)OVER(PARTITION BY trend,pair ORDER BY ABS(d45))		 att03
20:48:55  13  ,NTILE(6)OVER(PARTITION BY trend,pair ORDER BY ABS(d56))		 att04
20:48:55  14  ,NTILE(6)OVER(PARTITION BY trend,pair ORDER BY ABS(d67))		 att05
20:48:55  15  ,NTILE(6)OVER(PARTITION BY trend,pair ORDER BY ABS(d78))		 att06
20:48:55  16  ,NTILE(6)OVER(PARTITION BY trend,pair ORDER BY ABS(d89))		 att07
20:48:55  17  ,NTILE(6)OVER(PARTITION BY trend,pair ORDER BY ABS(d912)) 	 att08
20:48:55  18  ,NTILE(6)OVER(PARTITION BY trend,pair ORDER BY dc2)		 att09
20:48:55  19  ,NTILE(6)OVER(PARTITION BY trend,pair ORDER BY dc3)		 att10
20:48:55  20  ,NTILE(6)OVER(PARTITION BY trend,pair ORDER BY dc4)		 att11
20:48:55  21  ,NTILE(6)OVER(PARTITION BY trend,pair ORDER BY dc5)		 att12
20:48:55  22  ,NTILE(6)OVER(PARTITION BY trend,pair ORDER BY dc6)		 att13
20:48:55  23  ,NTILE(6)OVER(PARTITION BY trend,pair ORDER BY dc7)		 att14
20:48:55  24  ,NTILE(6)OVER(PARTITION BY trend,pair ORDER BY dc8)		 att15
20:48:55  25  ,NTILE(6)OVER(PARTITION BY trend,pair ORDER BY dc9)		 att16
20:48:55  26  ,NTILE(6)OVER(PARTITION BY trend,pair ORDER BY dc12)		 att17
20:48:55  27  ,NTILE(6)OVER(PARTITION BY trend,pair ORDER BY dc24)		 att18
20:48:55  28  ,NTILE(6)OVER(PARTITION BY trend,pair ORDER BY dc72)		 att19
20:48:55  29  ,NTILE(6)OVER(PARTITION BY trend,pair ORDER BY ABS(ROUND(crr2,7))) att20
20:48:55  30  ,NTILE(6)OVER(PARTITION BY trend,pair ORDER BY ABS(ROUND(crr3,7))) att21
20:48:55  31  ,NTILE(6)OVER(PARTITION BY trend,pair ORDER BY ABS(ROUND(crr4,7))) att22
20:48:55  32  ,NTILE(6)OVER(PARTITION BY trend,pair ORDER BY ABS(ROUND(crr5,7))) att23
20:48:55  33  ,NTILE(6)OVER(PARTITION BY trend,pair ORDER BY ABS(ROUND(crr6,7))) att24
20:48:55  34  ,NTILE(6)OVER(PARTITION BY trend,pair ORDER BY ABS(ROUND(crr12,7)))att25
20:48:55  35  ,NTILE(6)OVER(PARTITION BY trend,pair ORDER BY ABS(ROUND(crr24,7)))att26
20:48:55  36  ,NTILE(6)OVER(PARTITION BY trend,pair ORDER BY ABS(ROUND(crr72,7)))att27
20:48:55  37  -- date related integers: hour of day, day of week, week of month, minutes-past-midnight:
20:48:55  38  ,hh    att28
20:48:55  39  ,d     att29
20:48:55  40  ,w     att30
20:48:55  41  ,mpm   att31
20:48:55  42  ,trend att32
20:48:55  43  ,ug4 g4
20:48:55  44  ,CASE WHEN ug4 IS NULL THEN NULL WHEN ug4 > 0.0006 THEN 'up' ELSE 'nup' END gatt
20:48:55  45  ,CASE WHEN ug4 IS NULL THEN NULL WHEN ug4< -0.0006 THEN 'up' ELSE 'nup' END gattn
20:48:55  46  FROM q13
20:48:55  47  ORDER BY pair,ydate
20:48:55  48  /

Table created.

Elapsed: 00:00:04.22
20:49:00 SQL> 
20:49:00 SQL> -- rpt
20:49:00 SQL> SELECT pair,trend,gatt,gattn,AVG(g4),COUNT(g4),CORR(dc12,g4)FROM q15
20:49:00   2  GROUP BY pair,trend,gatt,gattn
20:49:00   3  ORDER BY pair,trend,gatt,gattn
20:49:00   4  /

PAIR	     TREND GAT GAT    AVG(G4)  COUNT(G4) CORR(DC12,G4)
------- ---------- --- --- ---------- ---------- -------------
gbp_usd 	-1 nup nup -5.246E-07	    1811    .059906803
gbp_usd 	-1 nup up  -.00327618	    4038    -.01089499
gbp_usd 	-1 up  nup .003122063	    4401    -.08602943
gbp_usd 	 1 nup nup .000010662	    1625    .015390196
gbp_usd 	 1 nup up  -.00321854	    4133    -.00827244
gbp_usd 	 1 up  nup .003582294	    3904    -.16612038
gbp_usd 	 1			       0

7 rows selected.

Elapsed: 00:00:00.04
20:49:00 SQL> 
20:49:00 SQL> -- rpt
20:49:00 SQL> SELECT pair,max(ydate)from q15 group by pair;

PAIR	MAX(YDATE)
------- -------------------
gbp_usd 2010-12-16 20:40:00

Elapsed: 00:00:00.01
20:49:00 SQL> 
20:49:00 SQL> DROP TABLE modsrc;

Table dropped.

Elapsed: 00:00:00.17
20:49:00 SQL> CREATE TABLE modsrc COMPRESS AS
20:49:00   2  SELECT
20:49:00   3  pair
20:49:00   4  ,ydate
20:49:00   5  ,prdate
20:49:00   6  ,trend
20:49:00   7  ,g4
20:49:00   8  ,gatt
20:49:00   9  ,gattn
20:49:00  10  ,dc12
20:49:00  11  FROM q15
20:49:00  12  /

Table created.

Elapsed: 00:00:00.08
20:49:00 SQL> 
20:49:00 SQL> ANALYZE TABLE modsrc COMPUTE STATISTICS;

Table analyzed.

Elapsed: 00:00:00.23
20:49:00 SQL> 
20:49:00 SQL> -- rpt
20:49:00 SQL> 
20:49:00 SQL> SELECT COUNT(pair)FROM q11;

COUNT(PAIR)
-----------
      20824

Elapsed: 00:00:00.35
20:49:01 SQL> SELECT COUNT(pair)FROM q13;

COUNT(PAIR)
-----------
      19960

Elapsed: 00:00:00.00
20:49:01 SQL> SELECT COUNT(pair)FROM q15;

COUNT(PAIR)
-----------
      19960

Elapsed: 00:00:00.01
20:49:01 SQL> SELECT COUNT(pair)FROM modsrc;

COUNT(PAIR)
-----------
      19960

Elapsed: 00:00:00.00
20:49:01 SQL> 
20:49:01 SQL> SELECT pair,trend,gatt,gattn,AVG(g4),COUNT(g4),CORR(dc12,g4)FROM modsrc
20:49:01   2  GROUP BY pair,trend,gatt,gattn
20:49:01   3  ORDER BY pair,trend,gatt,gattn
20:49:01   4  /

PAIR	     TREND GAT GAT    AVG(G4)  COUNT(G4) CORR(DC12,G4)
------- ---------- --- --- ---------- ---------- -------------
gbp_usd 	-1 nup nup -5.246E-07	    1811    .059906803
gbp_usd 	-1 nup up  -.00327618	    4038    -.01089499
gbp_usd 	-1 up  nup .003122063	    4401    -.08602943
gbp_usd 	 1 nup nup .000010662	    1625    .015390196
gbp_usd 	 1 nup up  -.00321854	    4133    -.00827244
gbp_usd 	 1 up  nup .003582294	    3904    -.16612038
gbp_usd 	 1			       0

7 rows selected.

Elapsed: 00:00:00.03
20:49:01 SQL> 
20:49:01 SQL> DROP   TABLE gbp_ms10 ;

Table dropped.

Elapsed: 00:00:00.04
20:49:01 SQL> CREATE TABLE gbp_ms10 COMPRESS AS
20:49:01   2  SELECT
20:49:01   3  ydate
20:49:01   4  ,trend gbp_trend
20:49:01   5  ,g4    gbp_g4
20:49:01   6  ,gatt  gbp_gatt
20:49:01   7  ,gattn gbp_gattn
20:49:01   8  FROM modsrc
20:49:01   9  /

Table created.

Elapsed: 00:00:00.07
20:49:01 SQL> 
20:49:01 SQL> ANALYZE TABLE gbp_ms10 COMPUTE STATISTICS;

Table analyzed.

Elapsed: 00:00:00.16
20:49:01 SQL> 
20:49:01 SQL> -- rpt
20:49:01 SQL> SELECT trend,MIN(ydate),MAX(ydate),COUNT(g4),MIN(g4),MAX(g4)FROM modsrc GROUP BY trend;

     TREND MIN(YDATE)	       MAX(YDATE)	    COUNT(G4)	 MIN(G4)    MAX(G4)
---------- ------------------- ------------------- ---------- ---------- ----------
	 1 2010-09-13 00:05:01 2010-12-16 20:40:00	 9662	  -.0194      .0179
	-1 2010-09-10 20:50:01 2010-12-16 07:30:00	10250	  -.0153      .0159

Elapsed: 00:00:00.02
20:49:01 SQL> SELECT gbp_trend,MIN(ydate),MAX(ydate),COUNT(gbp_trend),MIN(gbp_g4),MAX(gbp_g4)FROM gbp_ms10 GROUP BY gbp_trend;

 GBP_TREND MIN(YDATE)	       MAX(YDATE)	   COUNT(GBP_TREND) MIN(GBP_G4) MAX(GBP_G4)
---------- ------------------- ------------------- ---------------- ----------- -----------
	 1 2010-09-13 00:05:01 2010-12-16 20:40:00	       9710	 -.0194       .0179
	-1 2010-09-10 20:50:01 2010-12-16 07:30:00	      10250	 -.0153       .0159

Elapsed: 00:00:00.02
20:49:01 SQL> 
20:49:01 SQL> -- I need a copy of q15 attributes
20:49:01 SQL> 
20:49:01 SQL> DROP   TABLE gbp_att;

Table dropped.

Elapsed: 00:00:00.04
20:49:01 SQL> CREATE TABLE gbp_att COMPRESS AS
20:49:01   2  SELECT
20:49:01   3  ydate
20:49:01   4  ,att00 gbp_att00
20:49:01   5  ,att01 gbp_att01
20:49:01   6  ,att02 gbp_att02
20:49:01   7  ,att03 gbp_att03
20:49:01   8  ,att04 gbp_att04
20:49:01   9  ,att05 gbp_att05
20:49:01  10  ,att06 gbp_att06
20:49:01  11  ,att07 gbp_att07
20:49:01  12  ,att08 gbp_att08
20:49:01  13  ,att09 gbp_att09
20:49:01  14  ,att10 gbp_att10
20:49:01  15  ,att11 gbp_att11
20:49:01  16  ,att12 gbp_att12
20:49:01  17  ,att13 gbp_att13
20:49:01  18  ,att14 gbp_att14
20:49:01  19  ,att15 gbp_att15
20:49:01  20  ,att16 gbp_att16
20:49:01  21  ,att17 gbp_att17
20:49:01  22  ,att18 gbp_att18
20:49:01  23  ,att19 gbp_att19
20:49:01  24  ,att20 gbp_att20
20:49:01  25  ,att21 gbp_att21
20:49:01  26  ,att22 gbp_att22
20:49:01  27  ,att23 gbp_att23
20:49:01  28  ,att24 gbp_att24
20:49:01  29  ,att25 gbp_att25
20:49:01  30  ,att26 gbp_att26
20:49:01  31  ,att27 gbp_att27
20:49:01  32  ,att28 gbp_att28
20:49:01  33  ,att29 gbp_att29
20:49:01  34  ,att30 gbp_att30
20:49:01  35  ,att31 gbp_att31
20:49:01  36  ,att32 gbp_att32
20:49:01  37  FROM q15
20:49:01  38  /

Table created.

Elapsed: 00:00:00.18
20:49:01 SQL> 
20:49:01 SQL> ANALYZE TABLE gbp_att COMPUTE STATISTICS;

Table analyzed.

Elapsed: 00:00:00.43
20:49:02 SQL> 
20:49:02 SQL> -- rpt
20:49:02 SQL> SELECT COUNT(*)FROM gbp_att;

  COUNT(*)
----------
     19960

Elapsed: 00:00:00.00
20:49:02 SQL> 
20:49:02 SQL> --
20:49:02 SQL> -- jpy10.sql
20:49:02 SQL> --
20:49:02 SQL> 
20:49:02 SQL> -- Creates views and tables for backtesting a forex SVM strategy
20:49:02 SQL> 
20:49:02 SQL> PURGE RECYCLEBIN;

Recyclebin purged.

Elapsed: 00:00:00.31
20:49:02 SQL> 
20:49:02 SQL> -- I created di5min here:
20:49:02 SQL> -- /pt/s/rlk/svm4hp/update_di5min.sql
20:49:02 SQL> 
20:49:02 SQL> CREATE OR REPLACE VIEW q11 AS
20:49:02   2  SELECT
20:49:02   3  pair
20:49:02   4  ,ydate
20:49:02   5  ,prdate
20:49:02   6  ,rownum rnum -- acts as t in my time-series
20:49:02   7  ,clse
20:49:02   8  ,LAG(clse,12*1,NULL)OVER(PARTITION BY pair ORDER BY ydate) lg1
20:49:02   9  ,LAG(clse,12*2,NULL)OVER(PARTITION BY pair ORDER BY ydate) lg2
20:49:02  10  ,LAG(clse,12*3,NULL)OVER(PARTITION BY pair ORDER BY ydate) lg3
20:49:02  11  ,LAG(clse,12*4,NULL)OVER(PARTITION BY pair ORDER BY ydate) lg4
20:49:02  12  ,LAG(clse,12*5,NULL)OVER(PARTITION BY pair ORDER BY ydate) lg5
20:49:02  13  ,LAG(clse,12*6,NULL)OVER(PARTITION BY pair ORDER BY ydate) lg6
20:49:02  14  ,LAG(clse,12*7,NULL)OVER(PARTITION BY pair ORDER BY ydate) lg7
20:49:02  15  ,LAG(clse,12*8,NULL)OVER(PARTITION BY pair ORDER BY ydate) lg8
20:49:02  16  ,LAG(clse,12*9,NULL)OVER(PARTITION BY pair ORDER BY ydate) lg9
20:49:02  17  ,LAG(clse,12*12,NULL)OVER(PARTITION BY pair ORDER BY ydate) lg12
20:49:02  18  ,LAG(clse,12*18,NULL)OVER(PARTITION BY pair ORDER BY ydate) lg18
20:49:02  19  ,LAG(clse,12*24,NULL)OVER(PARTITION BY pair ORDER BY ydate) lg24
20:49:02  20  ,LAG(clse,12*72,NULL)OVER(PARTITION BY pair ORDER BY ydate) lg72
20:49:02  21  ,LEAD(clse,12*4,NULL)OVER(PARTITION BY pair ORDER BY ydate) ld4
20:49:02  22  FROM di5min WHERE pair LIKE'%jpy%'
20:49:02  23  ORDER BY ydate
20:49:02  24  /

View created.

Elapsed: 00:00:00.05
20:49:02 SQL> 
20:49:02 SQL> -- rpt
20:49:02 SQL> SELECT pair,COUNT(ydate) FROM q11 GROUP BY pair;

PAIR	COUNT(YDATE)
------- ------------
usd_jpy        20825

Elapsed: 00:00:00.34
20:49:02 SQL> 
20:49:02 SQL> -- Calc deltas and gains
20:49:02 SQL> DROP TABLE q13;

Table dropped.

Elapsed: 00:00:00.17
20:49:02 SQL> 
20:49:02 SQL> CREATE TABLE q13 COMPRESS AS
20:49:02   2  SELECT
20:49:02   3  pair
20:49:02   4  ,ydate
20:49:02   5  ,prdate
20:49:02   6  ,rnum
20:49:02   7  ,lg4
20:49:02   8  ,lg8
20:49:02   9  ,lg12
20:49:02  10  ,ld4
20:49:02  11  ,CASE WHEN(clse-lg12)>0 then 1 ELSE -1 END trend
20:49:02  12  -- step by 1
20:49:02  13  ,clse-lg1 d01
20:49:02  14  ,lg1-lg2	d12
20:49:02  15  ,lg2-lg3	d23
20:49:02  16  ,lg3-lg4	d34
20:49:02  17  ,lg4-lg5	d45
20:49:02  18  ,lg5-lg6	d56
20:49:02  19  ,lg6-lg7	d67
20:49:02  20  ,lg7-lg8	d78
20:49:02  21  ,lg8-lg9	d89
20:49:02  22  -- step by 2
20:49:02  23  ,clse-lg2 d02
20:49:02  24  ,lg2-lg4 d24
20:49:02  25  ,lg4-lg6 d46
20:49:02  26  ,lg6-lg8 d68
20:49:02  27  -- step by 3
20:49:02  28  ,clse-lg3 d03
20:49:02  29  ,lg3-lg6	d36
20:49:02  30  ,lg6-lg9	d69
20:49:02  31  ,lg9-lg12 d912
20:49:02  32  -- step by 4
20:49:02  33  ,clse-lg4 d04
20:49:02  34  ,lg4-lg8	d48
20:49:02  35  ,lg8-lg12 d812
20:49:02  36  ,lg6-lg12 d612
20:49:02  37  ,lg12-lg18 d1218
20:49:02  38  --
20:49:02  39  ,ABS(clse-lg1)dc1
20:49:02  40  ,ABS(clse-lg2)dc2
20:49:02  41  ,ABS(clse-lg3)dc3
20:49:02  42  ,ABS(clse-lg4)dc4
20:49:02  43  ,ABS(clse-lg5)dc5
20:49:02  44  ,ABS(clse-lg6)dc6
20:49:02  45  ,ABS(clse-lg7)dc7
20:49:02  46  ,ABS(clse-lg8)dc8
20:49:02  47  ,ABS(clse-lg9)dc9
20:49:02  48  ,ABS(clse-lg12)dc12
20:49:02  49  ,ABS(clse-lg18)dc18
20:49:02  50  ,ABS(clse-lg24)dc24
20:49:02  51  ,ABS(clse-lg72)dc72
20:49:02  52  ,(ld4-clse) ug4
20:49:02  53  ,COVAR_POP(rnum,clse)OVER(PARTITION BY pair ORDER BY ydate ROWS BETWEEN 12*2  PRECEDING AND CURRENT ROW)crr2
20:49:02  54  ,COVAR_POP(rnum,clse)OVER(PARTITION BY pair ORDER BY ydate ROWS BETWEEN 12*3  PRECEDING AND CURRENT ROW)crr3
20:49:02  55  ,COVAR_POP(rnum,clse)OVER(PARTITION BY pair ORDER BY ydate ROWS BETWEEN 12*4  PRECEDING AND CURRENT ROW)crr4
20:49:02  56  ,COVAR_POP(rnum,clse)OVER(PARTITION BY pair ORDER BY ydate ROWS BETWEEN 12*5  PRECEDING AND CURRENT ROW)crr5
20:49:02  57  ,COVAR_POP(rnum,clse)OVER(PARTITION BY pair ORDER BY ydate ROWS BETWEEN 12*6  PRECEDING AND CURRENT ROW)crr6
20:49:02  58  ,COVAR_POP(rnum,clse)OVER(PARTITION BY pair ORDER BY ydate ROWS BETWEEN 12*7  PRECEDING AND CURRENT ROW)crr7
20:49:02  59  ,COVAR_POP(rnum,clse)OVER(PARTITION BY pair ORDER BY ydate ROWS BETWEEN 12*8  PRECEDING AND CURRENT ROW)crr8
20:49:02  60  ,COVAR_POP(rnum,clse)OVER(PARTITION BY pair ORDER BY ydate ROWS BETWEEN 12*9  PRECEDING AND CURRENT ROW)crr9
20:49:02  61  ,COVAR_POP(rnum,clse)OVER(PARTITION BY pair ORDER BY ydate ROWS BETWEEN 12*12 PRECEDING AND CURRENT ROW)crr12
20:49:02  62  ,COVAR_POP(rnum,clse)OVER(PARTITION BY pair ORDER BY ydate ROWS BETWEEN 12*24 PRECEDING AND CURRENT ROW)crr24
20:49:02  63  ,COVAR_POP(rnum,clse)OVER(PARTITION BY pair ORDER BY ydate ROWS BETWEEN 12*72 PRECEDING AND CURRENT ROW)crr72
20:49:02  64  ,0+TO_CHAR( ROUND(ydate,'HH24'),'HH24')hh
20:49:02  65  ,0+TO_CHAR(ydate,'D')d
20:49:02  66  ,0+TO_CHAR(ydate,'W')w
20:49:02  67  ,ROUND( (ydate - trunc(ydate))*24*60 )mpm
20:49:02  68  FROM q11
20:49:02  69  -- I dont want any NULL values from the LAG() functions:
20:49:02  70  WHERE lg72 > 0
20:49:02  71  ORDER BY pair,ydate
20:49:02  72  /

Table created.

Elapsed: 00:00:01.67
20:49:04 SQL> 
20:49:04 SQL> -- rpt
20:49:04 SQL> SELECT trend,COUNT(prdate)FROM q13 GROUP BY trend;

     TREND COUNT(PRDATE)
---------- -------------
	 1	    9279
	-1	   10682

Elapsed: 00:00:00.03
20:49:04 SQL> 
20:49:04 SQL> -- Calc gains and ntiles
20:49:04 SQL> DROP TABLE q15;

Table dropped.

Elapsed: 00:00:00.14
20:49:04 SQL> CREATE TABLE q15 COMPRESS AS
20:49:04   2  SELECT
20:49:04   3  pair
20:49:04   4  ,ydate
20:49:04   5  ,prdate -- Should be unique
20:49:04   6  ,trend -- +1 or -1
20:49:04   7  ,dc12 -- next statement needs this
20:49:04   8  -- Use NTILE() to derive some attributes
20:49:04   9  ,NTILE(6)OVER(PARTITION BY trend,pair ORDER BY ABS(d12))		 att00
20:49:04  10  ,NTILE(6)OVER(PARTITION BY trend,pair ORDER BY ABS(d23))		 att01
20:49:04  11  ,NTILE(6)OVER(PARTITION BY trend,pair ORDER BY ABS(d34))		 att02
20:49:04  12  ,NTILE(6)OVER(PARTITION BY trend,pair ORDER BY ABS(d45))		 att03
20:49:04  13  ,NTILE(6)OVER(PARTITION BY trend,pair ORDER BY ABS(d56))		 att04
20:49:04  14  ,NTILE(6)OVER(PARTITION BY trend,pair ORDER BY ABS(d67))		 att05
20:49:04  15  ,NTILE(6)OVER(PARTITION BY trend,pair ORDER BY ABS(d78))		 att06
20:49:04  16  ,NTILE(6)OVER(PARTITION BY trend,pair ORDER BY ABS(d89))		 att07
20:49:04  17  ,NTILE(6)OVER(PARTITION BY trend,pair ORDER BY ABS(d912)) 	 att08
20:49:04  18  ,NTILE(6)OVER(PARTITION BY trend,pair ORDER BY dc2)		 att09
20:49:04  19  ,NTILE(6)OVER(PARTITION BY trend,pair ORDER BY dc3)		 att10
20:49:04  20  ,NTILE(6)OVER(PARTITION BY trend,pair ORDER BY dc4)		 att11
20:49:04  21  ,NTILE(6)OVER(PARTITION BY trend,pair ORDER BY dc5)		 att12
20:49:04  22  ,NTILE(6)OVER(PARTITION BY trend,pair ORDER BY dc6)		 att13
20:49:04  23  ,NTILE(6)OVER(PARTITION BY trend,pair ORDER BY dc7)		 att14
20:49:04  24  ,NTILE(6)OVER(PARTITION BY trend,pair ORDER BY dc8)		 att15
20:49:04  25  ,NTILE(6)OVER(PARTITION BY trend,pair ORDER BY dc9)		 att16
20:49:04  26  ,NTILE(6)OVER(PARTITION BY trend,pair ORDER BY dc12)		 att17
20:49:04  27  ,NTILE(6)OVER(PARTITION BY trend,pair ORDER BY dc24)		 att18
20:49:04  28  ,NTILE(6)OVER(PARTITION BY trend,pair ORDER BY dc72)		 att19
20:49:04  29  ,NTILE(6)OVER(PARTITION BY trend,pair ORDER BY ABS(ROUND(crr2,7))) att20
20:49:04  30  ,NTILE(6)OVER(PARTITION BY trend,pair ORDER BY ABS(ROUND(crr3,7))) att21
20:49:04  31  ,NTILE(6)OVER(PARTITION BY trend,pair ORDER BY ABS(ROUND(crr4,7))) att22
20:49:04  32  ,NTILE(6)OVER(PARTITION BY trend,pair ORDER BY ABS(ROUND(crr5,7))) att23
20:49:04  33  ,NTILE(6)OVER(PARTITION BY trend,pair ORDER BY ABS(ROUND(crr6,7))) att24
20:49:04  34  ,NTILE(6)OVER(PARTITION BY trend,pair ORDER BY ABS(ROUND(crr12,7)))att25
20:49:04  35  ,NTILE(6)OVER(PARTITION BY trend,pair ORDER BY ABS(ROUND(crr24,7)))att26
20:49:04  36  ,NTILE(6)OVER(PARTITION BY trend,pair ORDER BY ABS(ROUND(crr72,7)))att27
20:49:04  37  -- date related integers: hour of day, day of week, week of month, minutes-past-midnight:
20:49:04  38  ,hh    att28
20:49:04  39  ,d     att29
20:49:04  40  ,w     att30
20:49:04  41  ,mpm   att31
20:49:04  42  ,trend att32
20:49:04  43  ,ug4 g4
20:49:04  44  ,CASE WHEN ug4 IS NULL THEN NULL WHEN ug4 > 0.0006 THEN 'up' ELSE 'nup' END gatt
20:49:04  45  ,CASE WHEN ug4 IS NULL THEN NULL WHEN ug4< -0.0006 THEN 'up' ELSE 'nup' END gattn
20:49:04  46  FROM q13
20:49:04  47  ORDER BY pair,ydate
20:49:04  48  /

Table created.

Elapsed: 00:00:03.99
20:49:08 SQL> 
20:49:08 SQL> -- rpt
20:49:08 SQL> SELECT pair,trend,gatt,gattn,AVG(g4),COUNT(g4),CORR(dc12,g4)FROM q15
20:49:08   2  GROUP BY pair,trend,gatt,gattn
20:49:08   3  ORDER BY pair,trend,gatt,gattn
20:49:08   4  /

PAIR	     TREND GAT GAT    AVG(G4)  COUNT(G4) CORR(DC12,G4)
------- ---------- --- --- ---------- ---------- -------------
usd_jpy 	-1 nup nup	    0	     181
usd_jpy 	-1 nup up  -.13693752	    5178     .02198879
usd_jpy 	-1 up  nup .142687252	    5287    .058730771
usd_jpy 	-1			       0
usd_jpy 	 1 nup nup	    0	     169
usd_jpy 	 1 nup up   -.1340133	    4999    -.01676996
usd_jpy 	 1 up  nup .152071847	    4099    .184329053
usd_jpy 	 1			       0

8 rows selected.

Elapsed: 00:00:00.04
20:49:08 SQL> 
20:49:08 SQL> -- rpt
20:49:08 SQL> SELECT pair,max(ydate)from q15 group by pair;

PAIR	MAX(YDATE)
------- -------------------
usd_jpy 2010-12-16 20:40:00

Elapsed: 00:00:00.01
20:49:08 SQL> 
20:49:08 SQL> DROP TABLE modsrc;

Table dropped.

Elapsed: 00:00:00.19
20:49:08 SQL> CREATE TABLE modsrc COMPRESS AS
20:49:08   2  SELECT
20:49:08   3  pair
20:49:08   4  ,ydate
20:49:08   5  ,prdate
20:49:08   6  ,trend
20:49:08   7  ,g4
20:49:08   8  ,gatt
20:49:08   9  ,gattn
20:49:08  10  ,dc12
20:49:08  11  FROM q15
20:49:08  12  /

Table created.

Elapsed: 00:00:00.09
20:49:09 SQL> 
20:49:09 SQL> ANALYZE TABLE modsrc COMPUTE STATISTICS;

Table analyzed.

Elapsed: 00:00:00.21
20:49:09 SQL> 
20:49:09 SQL> -- rpt
20:49:09 SQL> 
20:49:09 SQL> SELECT COUNT(pair)FROM q11;

COUNT(PAIR)
-----------
      20825

Elapsed: 00:00:00.35
20:49:09 SQL> SELECT COUNT(pair)FROM q13;

COUNT(PAIR)
-----------
      19961

Elapsed: 00:00:00.01
20:49:09 SQL> SELECT COUNT(pair)FROM q15;

COUNT(PAIR)
-----------
      19961

Elapsed: 00:00:00.00
20:49:09 SQL> SELECT COUNT(pair)FROM modsrc;

COUNT(PAIR)
-----------
      19961

Elapsed: 00:00:00.00
20:49:09 SQL> 
20:49:09 SQL> SELECT pair,trend,gatt,gattn,AVG(g4),COUNT(g4),CORR(dc12,g4)FROM modsrc
20:49:09   2  GROUP BY pair,trend,gatt,gattn
20:49:09   3  ORDER BY pair,trend,gatt,gattn
20:49:09   4  /

PAIR	     TREND GAT GAT    AVG(G4)  COUNT(G4) CORR(DC12,G4)
------- ---------- --- --- ---------- ---------- -------------
usd_jpy 	-1 nup nup	    0	     181
usd_jpy 	-1 nup up  -.13693752	    5178     .02198879
usd_jpy 	-1 up  nup .142687252	    5287    .058730771
usd_jpy 	-1			       0
usd_jpy 	 1 nup nup	    0	     169
usd_jpy 	 1 nup up   -.1340133	    4999    -.01676996
usd_jpy 	 1 up  nup .152071847	    4099    .184329053
usd_jpy 	 1			       0

8 rows selected.

Elapsed: 00:00:00.03
20:49:09 SQL> 
20:49:09 SQL> DROP   TABLE jpy_ms10 ;

Table dropped.

Elapsed: 00:00:00.03
20:49:09 SQL> CREATE TABLE jpy_ms10 COMPRESS AS
20:49:09   2  SELECT
20:49:09   3  ydate
20:49:09   4  ,trend jpy_trend
20:49:09   5  ,g4    jpy_g4
20:49:09   6  ,gatt  jpy_gatt
20:49:09   7  ,gattn jpy_gattn
20:49:09   8  FROM modsrc
20:49:09   9  /

Table created.

Elapsed: 00:00:00.08
20:49:09 SQL> 
20:49:09 SQL> ANALYZE TABLE jpy_ms10 COMPUTE STATISTICS;

Table analyzed.

Elapsed: 00:00:00.16
20:49:09 SQL> 
20:49:09 SQL> -- rpt
20:49:09 SQL> SELECT trend,MIN(ydate),MAX(ydate),COUNT(g4),MIN(g4),MAX(g4)FROM modsrc GROUP BY trend;

     TREND MIN(YDATE)	       MAX(YDATE)	    COUNT(G4)	 MIN(G4)    MAX(G4)
---------- ------------------- ------------------- ---------- ---------- ----------
	 1 2010-09-10 20:50:01 2010-12-16 18:25:00	 9267	   -1.07	1.5
	-1 2010-09-12 23:35:01 2010-12-16 20:40:00	10646	 -1.0775       1.99

Elapsed: 00:00:00.02
20:49:09 SQL> SELECT jpy_trend,MIN(ydate),MAX(ydate),COUNT(jpy_trend),MIN(jpy_g4),MAX(jpy_g4)FROM jpy_ms10 GROUP BY jpy_trend;

 JPY_TREND MIN(YDATE)	       MAX(YDATE)	   COUNT(JPY_TREND) MIN(JPY_G4) MAX(JPY_G4)
---------- ------------------- ------------------- ---------------- ----------- -----------
	 1 2010-09-10 20:50:01 2010-12-16 18:25:00	       9279	  -1.07 	1.5
	-1 2010-09-12 23:35:01 2010-12-16 20:40:00	      10682	-1.0775        1.99

Elapsed: 00:00:00.02
20:49:09 SQL> 
20:49:09 SQL> -- I need a copy of q15 attributes
20:49:09 SQL> 
20:49:09 SQL> DROP   TABLE jpy_att;

Table dropped.

Elapsed: 00:00:00.04
20:49:10 SQL> CREATE TABLE jpy_att COMPRESS AS
20:49:10   2  SELECT
20:49:10   3  ydate
20:49:10   4  ,att00 jpy_att00
20:49:10   5  ,att01 jpy_att01
20:49:10   6  ,att02 jpy_att02
20:49:10   7  ,att03 jpy_att03
20:49:10   8  ,att04 jpy_att04
20:49:10   9  ,att05 jpy_att05
20:49:10  10  ,att06 jpy_att06
20:49:10  11  ,att07 jpy_att07
20:49:10  12  ,att08 jpy_att08
20:49:10  13  ,att09 jpy_att09
20:49:10  14  ,att10 jpy_att10
20:49:10  15  ,att11 jpy_att11
20:49:10  16  ,att12 jpy_att12
20:49:10  17  ,att13 jpy_att13
20:49:10  18  ,att14 jpy_att14
20:49:10  19  ,att15 jpy_att15
20:49:10  20  ,att16 jpy_att16
20:49:10  21  ,att17 jpy_att17
20:49:10  22  ,att18 jpy_att18
20:49:10  23  ,att19 jpy_att19
20:49:10  24  ,att20 jpy_att20
20:49:10  25  ,att21 jpy_att21
20:49:10  26  ,att22 jpy_att22
20:49:10  27  ,att23 jpy_att23
20:49:10  28  ,att24 jpy_att24
20:49:10  29  ,att25 jpy_att25
20:49:10  30  ,att26 jpy_att26
20:49:10  31  ,att27 jpy_att27
20:49:10  32  ,att28 jpy_att28
20:49:10  33  ,att29 jpy_att29
20:49:10  34  ,att30 jpy_att30
20:49:10  35  ,att31 jpy_att31
20:49:10  36  ,att32 jpy_att32
20:49:10  37  FROM q15
20:49:10  38  /

Table created.

Elapsed: 00:00:00.14
20:49:10 SQL> 
20:49:10 SQL> ANALYZE TABLE jpy_att COMPUTE STATISTICS;

Table analyzed.

Elapsed: 00:00:00.42
20:49:10 SQL> 
20:49:10 SQL> -- rpt
20:49:10 SQL> SELECT COUNT(*)FROM jpy_att;

  COUNT(*)
----------
     19961

Elapsed: 00:00:00.00
20:49:10 SQL> 
20:49:10 SQL> --
20:49:10 SQL> -- cad10.sql
20:49:10 SQL> --
20:49:10 SQL> 
20:49:10 SQL> -- Creates views and tables for backtesting a forex SVM strategy
20:49:10 SQL> 
20:49:10 SQL> PURGE RECYCLEBIN;

Recyclebin purged.

Elapsed: 00:00:00.31
20:49:10 SQL> 
20:49:10 SQL> -- I created di5min here:
20:49:10 SQL> -- /pt/s/rlk/svm4hp/update_di5min.sql
20:49:10 SQL> 
20:49:10 SQL> CREATE OR REPLACE VIEW q11 AS
20:49:10   2  SELECT
20:49:10   3  pair
20:49:10   4  ,ydate
20:49:10   5  ,prdate
20:49:10   6  ,rownum rnum -- acts as t in my time-series
20:49:10   7  ,clse
20:49:10   8  ,LAG(clse,12*1,NULL)OVER(PARTITION BY pair ORDER BY ydate) lg1
20:49:10   9  ,LAG(clse,12*2,NULL)OVER(PARTITION BY pair ORDER BY ydate) lg2
20:49:10  10  ,LAG(clse,12*3,NULL)OVER(PARTITION BY pair ORDER BY ydate) lg3
20:49:10  11  ,LAG(clse,12*4,NULL)OVER(PARTITION BY pair ORDER BY ydate) lg4
20:49:10  12  ,LAG(clse,12*5,NULL)OVER(PARTITION BY pair ORDER BY ydate) lg5
20:49:10  13  ,LAG(clse,12*6,NULL)OVER(PARTITION BY pair ORDER BY ydate) lg6
20:49:10  14  ,LAG(clse,12*7,NULL)OVER(PARTITION BY pair ORDER BY ydate) lg7
20:49:10  15  ,LAG(clse,12*8,NULL)OVER(PARTITION BY pair ORDER BY ydate) lg8
20:49:10  16  ,LAG(clse,12*9,NULL)OVER(PARTITION BY pair ORDER BY ydate) lg9
20:49:10  17  ,LAG(clse,12*12,NULL)OVER(PARTITION BY pair ORDER BY ydate) lg12
20:49:10  18  ,LAG(clse,12*18,NULL)OVER(PARTITION BY pair ORDER BY ydate) lg18
20:49:10  19  ,LAG(clse,12*24,NULL)OVER(PARTITION BY pair ORDER BY ydate) lg24
20:49:10  20  ,LAG(clse,12*72,NULL)OVER(PARTITION BY pair ORDER BY ydate) lg72
20:49:10  21  ,LEAD(clse,12*4,NULL)OVER(PARTITION BY pair ORDER BY ydate) ld4
20:49:10  22  FROM di5min WHERE pair LIKE'%cad%'
20:49:10  23  ORDER BY ydate
20:49:10  24  /

View created.

Elapsed: 00:00:00.05
20:49:10 SQL> 
20:49:10 SQL> -- rpt
20:49:10 SQL> SELECT pair,COUNT(ydate) FROM q11 GROUP BY pair;

PAIR	COUNT(YDATE)
------- ------------
usd_cad        20821

Elapsed: 00:00:00.36
20:49:11 SQL> 
20:49:11 SQL> -- Calc deltas and gains
20:49:11 SQL> DROP TABLE q13;

Table dropped.

Elapsed: 00:00:00.17
20:49:11 SQL> 
20:49:11 SQL> CREATE TABLE q13 COMPRESS AS
20:49:11   2  SELECT
20:49:11   3  pair
20:49:11   4  ,ydate
20:49:11   5  ,prdate
20:49:11   6  ,rnum
20:49:11   7  ,lg4
20:49:11   8  ,lg8
20:49:11   9  ,lg12
20:49:11  10  ,ld4
20:49:11  11  ,CASE WHEN(clse-lg12)>0 then 1 ELSE -1 END trend
20:49:11  12  -- step by 1
20:49:11  13  ,clse-lg1 d01
20:49:11  14  ,lg1-lg2	d12
20:49:11  15  ,lg2-lg3	d23
20:49:11  16  ,lg3-lg4	d34
20:49:11  17  ,lg4-lg5	d45
20:49:11  18  ,lg5-lg6	d56
20:49:11  19  ,lg6-lg7	d67
20:49:11  20  ,lg7-lg8	d78
20:49:11  21  ,lg8-lg9	d89
20:49:11  22  -- step by 2
20:49:11  23  ,clse-lg2 d02
20:49:11  24  ,lg2-lg4 d24
20:49:11  25  ,lg4-lg6 d46
20:49:11  26  ,lg6-lg8 d68
20:49:11  27  -- step by 3
20:49:11  28  ,clse-lg3 d03
20:49:11  29  ,lg3-lg6	d36
20:49:11  30  ,lg6-lg9	d69
20:49:11  31  ,lg9-lg12 d912
20:49:11  32  -- step by 4
20:49:11  33  ,clse-lg4 d04
20:49:11  34  ,lg4-lg8	d48
20:49:11  35  ,lg8-lg12 d812
20:49:11  36  ,lg6-lg12 d612
20:49:11  37  ,lg12-lg18 d1218
20:49:11  38  --
20:49:11  39  ,ABS(clse-lg1)dc1
20:49:11  40  ,ABS(clse-lg2)dc2
20:49:11  41  ,ABS(clse-lg3)dc3
20:49:11  42  ,ABS(clse-lg4)dc4
20:49:11  43  ,ABS(clse-lg5)dc5
20:49:11  44  ,ABS(clse-lg6)dc6
20:49:11  45  ,ABS(clse-lg7)dc7
20:49:11  46  ,ABS(clse-lg8)dc8
20:49:11  47  ,ABS(clse-lg9)dc9
20:49:11  48  ,ABS(clse-lg12)dc12
20:49:11  49  ,ABS(clse-lg18)dc18
20:49:11  50  ,ABS(clse-lg24)dc24
20:49:11  51  ,ABS(clse-lg72)dc72
20:49:11  52  ,(ld4-clse) ug4
20:49:11  53  ,COVAR_POP(rnum,clse)OVER(PARTITION BY pair ORDER BY ydate ROWS BETWEEN 12*2  PRECEDING AND CURRENT ROW)crr2
20:49:11  54  ,COVAR_POP(rnum,clse)OVER(PARTITION BY pair ORDER BY ydate ROWS BETWEEN 12*3  PRECEDING AND CURRENT ROW)crr3
20:49:11  55  ,COVAR_POP(rnum,clse)OVER(PARTITION BY pair ORDER BY ydate ROWS BETWEEN 12*4  PRECEDING AND CURRENT ROW)crr4
20:49:11  56  ,COVAR_POP(rnum,clse)OVER(PARTITION BY pair ORDER BY ydate ROWS BETWEEN 12*5  PRECEDING AND CURRENT ROW)crr5
20:49:11  57  ,COVAR_POP(rnum,clse)OVER(PARTITION BY pair ORDER BY ydate ROWS BETWEEN 12*6  PRECEDING AND CURRENT ROW)crr6
20:49:11  58  ,COVAR_POP(rnum,clse)OVER(PARTITION BY pair ORDER BY ydate ROWS BETWEEN 12*7  PRECEDING AND CURRENT ROW)crr7
20:49:11  59  ,COVAR_POP(rnum,clse)OVER(PARTITION BY pair ORDER BY ydate ROWS BETWEEN 12*8  PRECEDING AND CURRENT ROW)crr8
20:49:11  60  ,COVAR_POP(rnum,clse)OVER(PARTITION BY pair ORDER BY ydate ROWS BETWEEN 12*9  PRECEDING AND CURRENT ROW)crr9
20:49:11  61  ,COVAR_POP(rnum,clse)OVER(PARTITION BY pair ORDER BY ydate ROWS BETWEEN 12*12 PRECEDING AND CURRENT ROW)crr12
20:49:11  62  ,COVAR_POP(rnum,clse)OVER(PARTITION BY pair ORDER BY ydate ROWS BETWEEN 12*24 PRECEDING AND CURRENT ROW)crr24
20:49:11  63  ,COVAR_POP(rnum,clse)OVER(PARTITION BY pair ORDER BY ydate ROWS BETWEEN 12*72 PRECEDING AND CURRENT ROW)crr72
20:49:11  64  ,0+TO_CHAR( ROUND(ydate,'HH24'),'HH24')hh
20:49:11  65  ,0+TO_CHAR(ydate,'D')d
20:49:11  66  ,0+TO_CHAR(ydate,'W')w
20:49:11  67  ,ROUND( (ydate - trunc(ydate))*24*60 )mpm
20:49:11  68  FROM q11
20:49:11  69  -- I dont want any NULL values from the LAG() functions:
20:49:11  70  WHERE lg72 > 0
20:49:11  71  ORDER BY pair,ydate
20:49:11  72  /

Table created.

Elapsed: 00:00:01.69
20:49:13 SQL> 
20:49:13 SQL> -- rpt
20:49:13 SQL> SELECT trend,COUNT(prdate)FROM q13 GROUP BY trend;

     TREND COUNT(PRDATE)
---------- -------------
	 1	    9020
	-1	   10937

Elapsed: 00:00:00.03
20:49:13 SQL> 
20:49:13 SQL> -- Calc gains and ntiles
20:49:13 SQL> DROP TABLE q15;

Table dropped.

Elapsed: 00:00:00.11
20:49:13 SQL> CREATE TABLE q15 COMPRESS AS
20:49:13   2  SELECT
20:49:13   3  pair
20:49:13   4  ,ydate
20:49:13   5  ,prdate -- Should be unique
20:49:13   6  ,trend -- +1 or -1
20:49:13   7  ,dc12 -- next statement needs this
20:49:13   8  -- Use NTILE() to derive some attributes
20:49:13   9  ,NTILE(6)OVER(PARTITION BY trend,pair ORDER BY ABS(d12))		 att00
20:49:13  10  ,NTILE(6)OVER(PARTITION BY trend,pair ORDER BY ABS(d23))		 att01
20:49:13  11  ,NTILE(6)OVER(PARTITION BY trend,pair ORDER BY ABS(d34))		 att02
20:49:13  12  ,NTILE(6)OVER(PARTITION BY trend,pair ORDER BY ABS(d45))		 att03
20:49:13  13  ,NTILE(6)OVER(PARTITION BY trend,pair ORDER BY ABS(d56))		 att04
20:49:13  14  ,NTILE(6)OVER(PARTITION BY trend,pair ORDER BY ABS(d67))		 att05
20:49:13  15  ,NTILE(6)OVER(PARTITION BY trend,pair ORDER BY ABS(d78))		 att06
20:49:13  16  ,NTILE(6)OVER(PARTITION BY trend,pair ORDER BY ABS(d89))		 att07
20:49:13  17  ,NTILE(6)OVER(PARTITION BY trend,pair ORDER BY ABS(d912)) 	 att08
20:49:13  18  ,NTILE(6)OVER(PARTITION BY trend,pair ORDER BY dc2)		 att09
20:49:13  19  ,NTILE(6)OVER(PARTITION BY trend,pair ORDER BY dc3)		 att10
20:49:13  20  ,NTILE(6)OVER(PARTITION BY trend,pair ORDER BY dc4)		 att11
20:49:13  21  ,NTILE(6)OVER(PARTITION BY trend,pair ORDER BY dc5)		 att12
20:49:13  22  ,NTILE(6)OVER(PARTITION BY trend,pair ORDER BY dc6)		 att13
20:49:13  23  ,NTILE(6)OVER(PARTITION BY trend,pair ORDER BY dc7)		 att14
20:49:13  24  ,NTILE(6)OVER(PARTITION BY trend,pair ORDER BY dc8)		 att15
20:49:13  25  ,NTILE(6)OVER(PARTITION BY trend,pair ORDER BY dc9)		 att16
20:49:13  26  ,NTILE(6)OVER(PARTITION BY trend,pair ORDER BY dc12)		 att17
20:49:13  27  ,NTILE(6)OVER(PARTITION BY trend,pair ORDER BY dc24)		 att18
20:49:13  28  ,NTILE(6)OVER(PARTITION BY trend,pair ORDER BY dc72)		 att19
20:49:13  29  ,NTILE(6)OVER(PARTITION BY trend,pair ORDER BY ABS(ROUND(crr2,7))) att20
20:49:13  30  ,NTILE(6)OVER(PARTITION BY trend,pair ORDER BY ABS(ROUND(crr3,7))) att21
20:49:13  31  ,NTILE(6)OVER(PARTITION BY trend,pair ORDER BY ABS(ROUND(crr4,7))) att22
20:49:13  32  ,NTILE(6)OVER(PARTITION BY trend,pair ORDER BY ABS(ROUND(crr5,7))) att23
20:49:13  33  ,NTILE(6)OVER(PARTITION BY trend,pair ORDER BY ABS(ROUND(crr6,7))) att24
20:49:13  34  ,NTILE(6)OVER(PARTITION BY trend,pair ORDER BY ABS(ROUND(crr12,7)))att25
20:49:13  35  ,NTILE(6)OVER(PARTITION BY trend,pair ORDER BY ABS(ROUND(crr24,7)))att26
20:49:13  36  ,NTILE(6)OVER(PARTITION BY trend,pair ORDER BY ABS(ROUND(crr72,7)))att27
20:49:13  37  -- date related integers: hour of day, day of week, week of month, minutes-past-midnight:
20:49:13  38  ,hh    att28
20:49:13  39  ,d     att29
20:49:13  40  ,w     att30
20:49:13  41  ,mpm   att31
20:49:13  42  ,trend att32
20:49:13  43  ,ug4 g4
20:49:13  44  ,CASE WHEN ug4 IS NULL THEN NULL WHEN ug4 > 0.0006 THEN 'up' ELSE 'nup' END gatt
20:49:13  45  ,CASE WHEN ug4 IS NULL THEN NULL WHEN ug4< -0.0006 THEN 'up' ELSE 'nup' END gattn
20:49:13  46  FROM q13
20:49:13  47  ORDER BY pair,ydate
20:49:13  48  /

Table created.

Elapsed: 00:00:04.00
20:49:17 SQL> 
20:49:17 SQL> -- rpt
20:49:17 SQL> SELECT pair,trend,gatt,gattn,AVG(g4),COUNT(g4),CORR(dc12,g4)FROM q15
20:49:17   2  GROUP BY pair,trend,gatt,gattn
20:49:17   3  ORDER BY pair,trend,gatt,gattn
20:49:17   4  /

PAIR	     TREND GAT GAT    AVG(G4)  COUNT(G4) CORR(DC12,G4)
------- ---------- --- --- ---------- ---------- -------------
usd_cad 	-1 nup nup -4.103E-06	    3022    .015826632
usd_cad 	-1 nup up  -.00225153	    4093    .063378027
usd_cad 	-1 up  nup .002396566	    3822    -.00128762
usd_cad 	 1 nup nup -.00001474	    2072    -.06570559
usd_cad 	 1 nup up   -.0023846	    3840    .000506665
usd_cad 	 1 up  nup .002590989	    3060    .004013367
usd_cad 	 1			       0

7 rows selected.

Elapsed: 00:00:00.04
20:49:17 SQL> 
20:49:17 SQL> -- rpt
20:49:17 SQL> SELECT pair,max(ydate)from q15 group by pair;

PAIR	MAX(YDATE)
------- -------------------
usd_cad 2010-12-16 20:40:00

Elapsed: 00:00:00.02
20:49:17 SQL> 
20:49:17 SQL> DROP TABLE modsrc;

Table dropped.

Elapsed: 00:00:00.10
20:49:17 SQL> CREATE TABLE modsrc COMPRESS AS
20:49:17   2  SELECT
20:49:17   3  pair
20:49:17   4  ,ydate
20:49:17   5  ,prdate
20:49:17   6  ,trend
20:49:17   7  ,g4
20:49:17   8  ,gatt
20:49:17   9  ,gattn
20:49:17  10  ,dc12
20:49:17  11  FROM q15
20:49:17  12  /

Table created.

Elapsed: 00:00:00.09
20:49:17 SQL> 
20:49:17 SQL> ANALYZE TABLE modsrc COMPUTE STATISTICS;

Table analyzed.

Elapsed: 00:00:00.22
20:49:17 SQL> 
20:49:17 SQL> -- rpt
20:49:17 SQL> 
20:49:17 SQL> SELECT COUNT(pair)FROM q11;

COUNT(PAIR)
-----------
      20821

Elapsed: 00:00:00.35
20:49:18 SQL> SELECT COUNT(pair)FROM q13;

COUNT(PAIR)
-----------
      19957

Elapsed: 00:00:00.01
20:49:18 SQL> SELECT COUNT(pair)FROM q15;

COUNT(PAIR)
-----------
      19957

Elapsed: 00:00:00.01
20:49:18 SQL> SELECT COUNT(pair)FROM modsrc;

COUNT(PAIR)
-----------
      19957

Elapsed: 00:00:00.00
20:49:18 SQL> 
20:49:18 SQL> SELECT pair,trend,gatt,gattn,AVG(g4),COUNT(g4),CORR(dc12,g4)FROM modsrc
20:49:18   2  GROUP BY pair,trend,gatt,gattn
20:49:18   3  ORDER BY pair,trend,gatt,gattn
20:49:18   4  /

PAIR	     TREND GAT GAT    AVG(G4)  COUNT(G4) CORR(DC12,G4)
------- ---------- --- --- ---------- ---------- -------------
usd_cad 	-1 nup nup -4.103E-06	    3022    .015826632
usd_cad 	-1 nup up  -.00225153	    4093    .063378027
usd_cad 	-1 up  nup .002396566	    3822    -.00128762
usd_cad 	 1 nup nup -.00001474	    2072    -.06570559
usd_cad 	 1 nup up   -.0023846	    3840    .000506665
usd_cad 	 1 up  nup .002590989	    3060    .004013367
usd_cad 	 1			       0

7 rows selected.

Elapsed: 00:00:00.02
20:49:18 SQL> 
20:49:18 SQL> DROP   TABLE cad_ms10 ;

Table dropped.

Elapsed: 00:00:00.04
20:49:18 SQL> CREATE TABLE cad_ms10 COMPRESS AS
20:49:18   2  SELECT
20:49:18   3  ydate
20:49:18   4  ,trend cad_trend
20:49:18   5  ,g4    cad_g4
20:49:18   6  ,gatt  cad_gatt
20:49:18   7  ,gattn cad_gattn
20:49:18   8  FROM modsrc
20:49:18   9  /

Table created.

Elapsed: 00:00:00.06
20:49:18 SQL> 
20:49:18 SQL> ANALYZE TABLE cad_ms10 COMPUTE STATISTICS;

Table analyzed.

Elapsed: 00:00:00.16
20:49:18 SQL> 
20:49:18 SQL> -- rpt
20:49:18 SQL> SELECT trend,MIN(ydate),MAX(ydate),COUNT(g4),MIN(g4),MAX(g4)FROM modsrc GROUP BY trend;

     TREND MIN(YDATE)	       MAX(YDATE)	    COUNT(G4)	 MIN(G4)    MAX(G4)
---------- ------------------- ------------------- ---------- ---------- ----------
	 1 2010-09-10 20:50:01 2010-12-16 20:40:00	 8972	  -.0089      .0151
	-1 2010-09-12 23:30:01 2010-12-16 14:45:00	10937	  -.0107      .0147

Elapsed: 00:00:00.02
20:49:18 SQL> SELECT cad_trend,MIN(ydate),MAX(ydate),COUNT(cad_trend),MIN(cad_g4),MAX(cad_g4)FROM cad_ms10 GROUP BY cad_trend;

 CAD_TREND MIN(YDATE)	       MAX(YDATE)	   COUNT(CAD_TREND) MIN(CAD_G4) MAX(CAD_G4)
---------- ------------------- ------------------- ---------------- ----------- -----------
	 1 2010-09-10 20:50:01 2010-12-16 20:40:00	       9020	 -.0089       .0151
	-1 2010-09-12 23:30:01 2010-12-16 14:45:00	      10937	 -.0107       .0147

Elapsed: 00:00:00.01
20:49:18 SQL> 
20:49:18 SQL> -- I need a copy of q15 attributes
20:49:18 SQL> 
20:49:18 SQL> DROP   TABLE cad_att;

Table dropped.

Elapsed: 00:00:00.04
20:49:18 SQL> CREATE TABLE cad_att COMPRESS AS
20:49:18   2  SELECT
20:49:18   3  ydate
20:49:18   4  ,att00 cad_att00
20:49:18   5  ,att01 cad_att01
20:49:18   6  ,att02 cad_att02
20:49:18   7  ,att03 cad_att03
20:49:18   8  ,att04 cad_att04
20:49:18   9  ,att05 cad_att05
20:49:18  10  ,att06 cad_att06
20:49:18  11  ,att07 cad_att07
20:49:18  12  ,att08 cad_att08
20:49:18  13  ,att09 cad_att09
20:49:18  14  ,att10 cad_att10
20:49:18  15  ,att11 cad_att11
20:49:18  16  ,att12 cad_att12
20:49:18  17  ,att13 cad_att13
20:49:18  18  ,att14 cad_att14
20:49:18  19  ,att15 cad_att15
20:49:18  20  ,att16 cad_att16
20:49:18  21  ,att17 cad_att17
20:49:18  22  ,att18 cad_att18
20:49:18  23  ,att19 cad_att19
20:49:18  24  ,att20 cad_att20
20:49:18  25  ,att21 cad_att21
20:49:18  26  ,att22 cad_att22
20:49:18  27  ,att23 cad_att23
20:49:18  28  ,att24 cad_att24
20:49:18  29  ,att25 cad_att25
20:49:18  30  ,att26 cad_att26
20:49:18  31  ,att27 cad_att27
20:49:18  32  ,att28 cad_att28
20:49:18  33  ,att29 cad_att29
20:49:18  34  ,att30 cad_att30
20:49:18  35  ,att31 cad_att31
20:49:18  36  ,att32 cad_att32
20:49:18  37  FROM q15
20:49:18  38  /

Table created.

Elapsed: 00:00:00.13
20:49:18 SQL> 
20:49:18 SQL> ANALYZE TABLE cad_att COMPUTE STATISTICS;

Table analyzed.

Elapsed: 00:00:00.39
20:49:19 SQL> 
20:49:19 SQL> -- rpt
20:49:19 SQL> SELECT COUNT(*)FROM cad_att;

  COUNT(*)
----------
     19957

Elapsed: 00:00:00.01
20:49:19 SQL> 
20:49:19 SQL> --
20:49:19 SQL> -- chf10.sql
20:49:19 SQL> --
20:49:19 SQL> 
20:49:19 SQL> -- Creates views and tables for backtesting a forex SVM strategy
20:49:19 SQL> 
20:49:19 SQL> PURGE RECYCLEBIN;

Recyclebin purged.

Elapsed: 00:00:00.35
20:49:19 SQL> 
20:49:19 SQL> -- I created di5min here:
20:49:19 SQL> -- /pt/s/rlk/svm4hp/update_di5min.sql
20:49:19 SQL> 
20:49:19 SQL> CREATE OR REPLACE VIEW q11 AS
20:49:19   2  SELECT
20:49:19   3  pair
20:49:19   4  ,ydate
20:49:19   5  ,prdate
20:49:19   6  ,rownum rnum -- acts as t in my time-series
20:49:19   7  ,clse
20:49:19   8  ,LAG(clse,12*1,NULL)OVER(PARTITION BY pair ORDER BY ydate) lg1
20:49:19   9  ,LAG(clse,12*2,NULL)OVER(PARTITION BY pair ORDER BY ydate) lg2
20:49:19  10  ,LAG(clse,12*3,NULL)OVER(PARTITION BY pair ORDER BY ydate) lg3
20:49:19  11  ,LAG(clse,12*4,NULL)OVER(PARTITION BY pair ORDER BY ydate) lg4
20:49:19  12  ,LAG(clse,12*5,NULL)OVER(PARTITION BY pair ORDER BY ydate) lg5
20:49:19  13  ,LAG(clse,12*6,NULL)OVER(PARTITION BY pair ORDER BY ydate) lg6
20:49:19  14  ,LAG(clse,12*7,NULL)OVER(PARTITION BY pair ORDER BY ydate) lg7
20:49:19  15  ,LAG(clse,12*8,NULL)OVER(PARTITION BY pair ORDER BY ydate) lg8
20:49:19  16  ,LAG(clse,12*9,NULL)OVER(PARTITION BY pair ORDER BY ydate) lg9
20:49:19  17  ,LAG(clse,12*12,NULL)OVER(PARTITION BY pair ORDER BY ydate) lg12
20:49:19  18  ,LAG(clse,12*18,NULL)OVER(PARTITION BY pair ORDER BY ydate) lg18
20:49:19  19  ,LAG(clse,12*24,NULL)OVER(PARTITION BY pair ORDER BY ydate) lg24
20:49:19  20  ,LAG(clse,12*72,NULL)OVER(PARTITION BY pair ORDER BY ydate) lg72
20:49:19  21  ,LEAD(clse,12*4,NULL)OVER(PARTITION BY pair ORDER BY ydate) ld4
20:49:19  22  FROM di5min WHERE pair LIKE'%chf%'
20:49:19  23  ORDER BY ydate
20:49:19  24  /

View created.

Elapsed: 00:00:00.04
20:49:19 SQL> 
20:49:19 SQL> -- rpt
20:49:19 SQL> SELECT pair,COUNT(ydate) FROM q11 GROUP BY pair;

PAIR	COUNT(YDATE)
------- ------------
usd_chf        20824

Elapsed: 00:00:00.34
20:49:19 SQL> 
20:49:19 SQL> -- Calc deltas and gains
20:49:19 SQL> DROP TABLE q13;

Table dropped.

Elapsed: 00:00:00.17
20:49:19 SQL> 
20:49:19 SQL> CREATE TABLE q13 COMPRESS AS
20:49:19   2  SELECT
20:49:19   3  pair
20:49:19   4  ,ydate
20:49:19   5  ,prdate
20:49:19   6  ,rnum
20:49:19   7  ,lg4
20:49:19   8  ,lg8
20:49:19   9  ,lg12
20:49:19  10  ,ld4
20:49:19  11  ,CASE WHEN(clse-lg12)>0 then 1 ELSE -1 END trend
20:49:19  12  -- step by 1
20:49:19  13  ,clse-lg1 d01
20:49:19  14  ,lg1-lg2	d12
20:49:19  15  ,lg2-lg3	d23
20:49:19  16  ,lg3-lg4	d34
20:49:19  17  ,lg4-lg5	d45
20:49:19  18  ,lg5-lg6	d56
20:49:19  19  ,lg6-lg7	d67
20:49:19  20  ,lg7-lg8	d78
20:49:19  21  ,lg8-lg9	d89
20:49:19  22  -- step by 2
20:49:19  23  ,clse-lg2 d02
20:49:19  24  ,lg2-lg4 d24
20:49:19  25  ,lg4-lg6 d46
20:49:19  26  ,lg6-lg8 d68
20:49:19  27  -- step by 3
20:49:19  28  ,clse-lg3 d03
20:49:19  29  ,lg3-lg6	d36
20:49:19  30  ,lg6-lg9	d69
20:49:19  31  ,lg9-lg12 d912
20:49:19  32  -- step by 4
20:49:19  33  ,clse-lg4 d04
20:49:19  34  ,lg4-lg8	d48
20:49:19  35  ,lg8-lg12 d812
20:49:19  36  ,lg6-lg12 d612
20:49:19  37  ,lg12-lg18 d1218
20:49:19  38  --
20:49:19  39  ,ABS(clse-lg1)dc1
20:49:19  40  ,ABS(clse-lg2)dc2
20:49:19  41  ,ABS(clse-lg3)dc3
20:49:19  42  ,ABS(clse-lg4)dc4
20:49:19  43  ,ABS(clse-lg5)dc5
20:49:19  44  ,ABS(clse-lg6)dc6
20:49:19  45  ,ABS(clse-lg7)dc7
20:49:19  46  ,ABS(clse-lg8)dc8
20:49:19  47  ,ABS(clse-lg9)dc9
20:49:19  48  ,ABS(clse-lg12)dc12
20:49:19  49  ,ABS(clse-lg18)dc18
20:49:19  50  ,ABS(clse-lg24)dc24
20:49:19  51  ,ABS(clse-lg72)dc72
20:49:19  52  ,(ld4-clse) ug4
20:49:19  53  ,COVAR_POP(rnum,clse)OVER(PARTITION BY pair ORDER BY ydate ROWS BETWEEN 12*2  PRECEDING AND CURRENT ROW)crr2
20:49:19  54  ,COVAR_POP(rnum,clse)OVER(PARTITION BY pair ORDER BY ydate ROWS BETWEEN 12*3  PRECEDING AND CURRENT ROW)crr3
20:49:19  55  ,COVAR_POP(rnum,clse)OVER(PARTITION BY pair ORDER BY ydate ROWS BETWEEN 12*4  PRECEDING AND CURRENT ROW)crr4
20:49:19  56  ,COVAR_POP(rnum,clse)OVER(PARTITION BY pair ORDER BY ydate ROWS BETWEEN 12*5  PRECEDING AND CURRENT ROW)crr5
20:49:19  57  ,COVAR_POP(rnum,clse)OVER(PARTITION BY pair ORDER BY ydate ROWS BETWEEN 12*6  PRECEDING AND CURRENT ROW)crr6
20:49:19  58  ,COVAR_POP(rnum,clse)OVER(PARTITION BY pair ORDER BY ydate ROWS BETWEEN 12*7  PRECEDING AND CURRENT ROW)crr7
20:49:19  59  ,COVAR_POP(rnum,clse)OVER(PARTITION BY pair ORDER BY ydate ROWS BETWEEN 12*8  PRECEDING AND CURRENT ROW)crr8
20:49:19  60  ,COVAR_POP(rnum,clse)OVER(PARTITION BY pair ORDER BY ydate ROWS BETWEEN 12*9  PRECEDING AND CURRENT ROW)crr9
20:49:19  61  ,COVAR_POP(rnum,clse)OVER(PARTITION BY pair ORDER BY ydate ROWS BETWEEN 12*12 PRECEDING AND CURRENT ROW)crr12
20:49:19  62  ,COVAR_POP(rnum,clse)OVER(PARTITION BY pair ORDER BY ydate ROWS BETWEEN 12*24 PRECEDING AND CURRENT ROW)crr24
20:49:19  63  ,COVAR_POP(rnum,clse)OVER(PARTITION BY pair ORDER BY ydate ROWS BETWEEN 12*72 PRECEDING AND CURRENT ROW)crr72
20:49:19  64  ,0+TO_CHAR( ROUND(ydate,'HH24'),'HH24')hh
20:49:19  65  ,0+TO_CHAR(ydate,'D')d
20:49:19  66  ,0+TO_CHAR(ydate,'W')w
20:49:19  67  ,ROUND( (ydate - trunc(ydate))*24*60 )mpm
20:49:19  68  FROM q11
20:49:19  69  -- I dont want any NULL values from the LAG() functions:
20:49:19  70  WHERE lg72 > 0
20:49:19  71  ORDER BY pair,ydate
20:49:19  72  /

Table created.

Elapsed: 00:00:01.73
20:49:21 SQL> 
20:49:21 SQL> -- rpt
20:49:21 SQL> SELECT trend,COUNT(prdate)FROM q13 GROUP BY trend;

     TREND COUNT(PRDATE)
---------- -------------
	 1	    9320
	-1	   10640

Elapsed: 00:00:00.04
20:49:21 SQL> 
20:49:21 SQL> -- Calc gains and ntiles
20:49:21 SQL> DROP TABLE q15;

Table dropped.

Elapsed: 00:00:00.12
20:49:21 SQL> CREATE TABLE q15 COMPRESS AS
20:49:21   2  SELECT
20:49:21   3  pair
20:49:21   4  ,ydate
20:49:21   5  ,prdate -- Should be unique
20:49:21   6  ,trend -- +1 or -1
20:49:21   7  ,dc12 -- next statement needs this
20:49:21   8  -- Use NTILE() to derive some attributes
20:49:21   9  ,NTILE(6)OVER(PARTITION BY trend,pair ORDER BY ABS(d12))		 att00
20:49:21  10  ,NTILE(6)OVER(PARTITION BY trend,pair ORDER BY ABS(d23))		 att01
20:49:21  11  ,NTILE(6)OVER(PARTITION BY trend,pair ORDER BY ABS(d34))		 att02
20:49:21  12  ,NTILE(6)OVER(PARTITION BY trend,pair ORDER BY ABS(d45))		 att03
20:49:21  13  ,NTILE(6)OVER(PARTITION BY trend,pair ORDER BY ABS(d56))		 att04
20:49:21  14  ,NTILE(6)OVER(PARTITION BY trend,pair ORDER BY ABS(d67))		 att05
20:49:21  15  ,NTILE(6)OVER(PARTITION BY trend,pair ORDER BY ABS(d78))		 att06
20:49:21  16  ,NTILE(6)OVER(PARTITION BY trend,pair ORDER BY ABS(d89))		 att07
20:49:21  17  ,NTILE(6)OVER(PARTITION BY trend,pair ORDER BY ABS(d912)) 	 att08
20:49:21  18  ,NTILE(6)OVER(PARTITION BY trend,pair ORDER BY dc2)		 att09
20:49:21  19  ,NTILE(6)OVER(PARTITION BY trend,pair ORDER BY dc3)		 att10
20:49:21  20  ,NTILE(6)OVER(PARTITION BY trend,pair ORDER BY dc4)		 att11
20:49:21  21  ,NTILE(6)OVER(PARTITION BY trend,pair ORDER BY dc5)		 att12
20:49:21  22  ,NTILE(6)OVER(PARTITION BY trend,pair ORDER BY dc6)		 att13
20:49:21  23  ,NTILE(6)OVER(PARTITION BY trend,pair ORDER BY dc7)		 att14
20:49:21  24  ,NTILE(6)OVER(PARTITION BY trend,pair ORDER BY dc8)		 att15
20:49:21  25  ,NTILE(6)OVER(PARTITION BY trend,pair ORDER BY dc9)		 att16
20:49:21  26  ,NTILE(6)OVER(PARTITION BY trend,pair ORDER BY dc12)		 att17
20:49:21  27  ,NTILE(6)OVER(PARTITION BY trend,pair ORDER BY dc24)		 att18
20:49:21  28  ,NTILE(6)OVER(PARTITION BY trend,pair ORDER BY dc72)		 att19
20:49:21  29  ,NTILE(6)OVER(PARTITION BY trend,pair ORDER BY ABS(ROUND(crr2,7))) att20
20:49:21  30  ,NTILE(6)OVER(PARTITION BY trend,pair ORDER BY ABS(ROUND(crr3,7))) att21
20:49:21  31  ,NTILE(6)OVER(PARTITION BY trend,pair ORDER BY ABS(ROUND(crr4,7))) att22
20:49:21  32  ,NTILE(6)OVER(PARTITION BY trend,pair ORDER BY ABS(ROUND(crr5,7))) att23
20:49:21  33  ,NTILE(6)OVER(PARTITION BY trend,pair ORDER BY ABS(ROUND(crr6,7))) att24
20:49:21  34  ,NTILE(6)OVER(PARTITION BY trend,pair ORDER BY ABS(ROUND(crr12,7)))att25
20:49:21  35  ,NTILE(6)OVER(PARTITION BY trend,pair ORDER BY ABS(ROUND(crr24,7)))att26
20:49:21  36  ,NTILE(6)OVER(PARTITION BY trend,pair ORDER BY ABS(ROUND(crr72,7)))att27
20:49:21  37  -- date related integers: hour of day, day of week, week of month, minutes-past-midnight:
20:49:21  38  ,hh    att28
20:49:21  39  ,d     att29
20:49:21  40  ,w     att30
20:49:21  41  ,mpm   att31
20:49:21  42  ,trend att32
20:49:21  43  ,ug4 g4
20:49:21  44  ,CASE WHEN ug4 IS NULL THEN NULL WHEN ug4 > 0.0006 THEN 'up' ELSE 'nup' END gatt
20:49:21  45  ,CASE WHEN ug4 IS NULL THEN NULL WHEN ug4< -0.0006 THEN 'up' ELSE 'nup' END gattn
20:49:21  46  FROM q13
20:49:21  47  ORDER BY pair,ydate
20:49:21  48  /

Table created.

Elapsed: 00:00:03.95
20:49:25 SQL> 
20:49:25 SQL> -- rpt
20:49:25 SQL> SELECT pair,trend,gatt,gattn,AVG(g4),COUNT(g4),CORR(dc12,g4)FROM q15
20:49:25   2  GROUP BY pair,trend,gatt,gattn
20:49:25   3  ORDER BY pair,trend,gatt,gattn
20:49:25   4  /

PAIR	     TREND GAT GAT    AVG(G4)  COUNT(G4) CORR(DC12,G4)
------- ---------- --- --- ---------- ---------- -------------
usd_chf 	-1 nup nup  .00003202	    2646    .042581096
usd_chf 	-1 nup up  -.00292334	    3907    .063124151
usd_chf 	-1 up  nup .002646511	    4048    -.12069668
usd_chf 	-1			       0
usd_chf 	 1 nup nup 8.9398E-06	    2226    .017980122
usd_chf 	 1 nup up  -.00254088	    3853     .11203824
usd_chf 	 1 up  nup .002433841	    3232     -.1606913
usd_chf 	 1			       0

8 rows selected.

Elapsed: 00:00:00.05
20:49:25 SQL> 
20:49:25 SQL> -- rpt
20:49:25 SQL> SELECT pair,max(ydate)from q15 group by pair;

PAIR	MAX(YDATE)
------- -------------------
usd_chf 2010-12-16 20:40:00

Elapsed: 00:00:00.01
20:49:25 SQL> 
20:49:25 SQL> DROP TABLE modsrc;

Table dropped.

Elapsed: 00:00:00.12
20:49:25 SQL> CREATE TABLE modsrc COMPRESS AS
20:49:25   2  SELECT
20:49:25   3  pair
20:49:25   4  ,ydate
20:49:25   5  ,prdate
20:49:25   6  ,trend
20:49:25   7  ,g4
20:49:25   8  ,gatt
20:49:25   9  ,gattn
20:49:25  10  ,dc12
20:49:25  11  FROM q15
20:49:25  12  /

Table created.

Elapsed: 00:00:00.09
20:49:26 SQL> 
20:49:26 SQL> ANALYZE TABLE modsrc COMPUTE STATISTICS;

Table analyzed.

Elapsed: 00:00:00.21
20:49:26 SQL> 
20:49:26 SQL> -- rpt
20:49:26 SQL> 
20:49:26 SQL> SELECT COUNT(pair)FROM q11;

COUNT(PAIR)
-----------
      20824

Elapsed: 00:00:00.35
20:49:26 SQL> SELECT COUNT(pair)FROM q13;

COUNT(PAIR)
-----------
      19960

Elapsed: 00:00:00.00
20:49:26 SQL> SELECT COUNT(pair)FROM q15;

COUNT(PAIR)
-----------
      19960

Elapsed: 00:00:00.01
20:49:26 SQL> SELECT COUNT(pair)FROM modsrc;

COUNT(PAIR)
-----------
      19960

Elapsed: 00:00:00.00
20:49:26 SQL> 
20:49:26 SQL> SELECT pair,trend,gatt,gattn,AVG(g4),COUNT(g4),CORR(dc12,g4)FROM modsrc
20:49:26   2  GROUP BY pair,trend,gatt,gattn
20:49:26   3  ORDER BY pair,trend,gatt,gattn
20:49:26   4  /

PAIR	     TREND GAT GAT    AVG(G4)  COUNT(G4) CORR(DC12,G4)
------- ---------- --- --- ---------- ---------- -------------
usd_chf 	-1 nup nup  .00003202	    2646    .042581096
usd_chf 	-1 nup up  -.00292334	    3907    .063124151
usd_chf 	-1 up  nup .002646511	    4048    -.12069668
usd_chf 	-1			       0
usd_chf 	 1 nup nup 8.9398E-06	    2226    .017980122
usd_chf 	 1 nup up  -.00254088	    3853     .11203824
usd_chf 	 1 up  nup .002433841	    3232     -.1606913
usd_chf 	 1			       0

8 rows selected.

Elapsed: 00:00:00.03
20:49:26 SQL> 
20:49:26 SQL> DROP   TABLE chf_ms10 ;

Table dropped.

Elapsed: 00:00:00.03
20:49:26 SQL> CREATE TABLE chf_ms10 COMPRESS AS
20:49:26   2  SELECT
20:49:26   3  ydate
20:49:26   4  ,trend chf_trend
20:49:26   5  ,g4    chf_g4
20:49:26   6  ,gatt  chf_gatt
20:49:26   7  ,gattn chf_gattn
20:49:26   8  FROM modsrc
20:49:26   9  /

Table created.

Elapsed: 00:00:00.06
20:49:26 SQL> 
20:49:26 SQL> ANALYZE TABLE chf_ms10 COMPUTE STATISTICS;

Table analyzed.

Elapsed: 00:00:00.17
20:49:26 SQL> 
20:49:26 SQL> -- rpt
20:49:26 SQL> SELECT trend,MIN(ydate),MAX(ydate),COUNT(g4),MIN(g4),MAX(g4)FROM modsrc GROUP BY trend;

     TREND MIN(YDATE)	       MAX(YDATE)	    COUNT(G4)	 MIN(G4)    MAX(G4)
---------- ------------------- ------------------- ---------- ---------- ----------
	 1 2010-09-15 02:05:01 2010-12-16 18:55:00	 9311	  -.0176     .01365
	-1 2010-09-10 20:50:01 2010-12-16 20:40:00	10601	  -.0166      .0149

Elapsed: 00:00:00.02
20:49:26 SQL> SELECT chf_trend,MIN(ydate),MAX(ydate),COUNT(chf_trend),MIN(chf_g4),MAX(chf_g4)FROM chf_ms10 GROUP BY chf_trend;

 CHF_TREND MIN(YDATE)	       MAX(YDATE)	   COUNT(CHF_TREND) MIN(CHF_G4) MAX(CHF_G4)
---------- ------------------- ------------------- ---------------- ----------- -----------
	 1 2010-09-15 02:05:01 2010-12-16 18:55:00	       9320	 -.0176      .01365
	-1 2010-09-10 20:50:01 2010-12-16 20:40:00	      10640	 -.0166       .0149

Elapsed: 00:00:00.01
20:49:26 SQL> 
20:49:26 SQL> -- I need a copy of q15 attributes
20:49:26 SQL> 
20:49:26 SQL> DROP   TABLE chf_att;

Table dropped.

Elapsed: 00:00:00.04
20:49:27 SQL> CREATE TABLE chf_att COMPRESS AS
20:49:27   2  SELECT
20:49:27   3  ydate
20:49:27   4  ,att00 chf_att00
20:49:27   5  ,att01 chf_att01
20:49:27   6  ,att02 chf_att02
20:49:27   7  ,att03 chf_att03
20:49:27   8  ,att04 chf_att04
20:49:27   9  ,att05 chf_att05
20:49:27  10  ,att06 chf_att06
20:49:27  11  ,att07 chf_att07
20:49:27  12  ,att08 chf_att08
20:49:27  13  ,att09 chf_att09
20:49:27  14  ,att10 chf_att10
20:49:27  15  ,att11 chf_att11
20:49:27  16  ,att12 chf_att12
20:49:27  17  ,att13 chf_att13
20:49:27  18  ,att14 chf_att14
20:49:27  19  ,att15 chf_att15
20:49:27  20  ,att16 chf_att16
20:49:27  21  ,att17 chf_att17
20:49:27  22  ,att18 chf_att18
20:49:27  23  ,att19 chf_att19
20:49:27  24  ,att20 chf_att20
20:49:27  25  ,att21 chf_att21
20:49:27  26  ,att22 chf_att22
20:49:27  27  ,att23 chf_att23
20:49:27  28  ,att24 chf_att24
20:49:27  29  ,att25 chf_att25
20:49:27  30  ,att26 chf_att26
20:49:27  31  ,att27 chf_att27
20:49:27  32  ,att28 chf_att28
20:49:27  33  ,att29 chf_att29
20:49:27  34  ,att30 chf_att30
20:49:27  35  ,att31 chf_att31
20:49:27  36  ,att32 chf_att32
20:49:27  37  FROM q15
20:49:27  38  /

Table created.

Elapsed: 00:00:00.15
20:49:27 SQL> 
20:49:27 SQL> ANALYZE TABLE chf_att COMPUTE STATISTICS;

Table analyzed.

Elapsed: 00:00:00.40
20:49:27 SQL> 
20:49:27 SQL> -- rpt
20:49:27 SQL> SELECT COUNT(*)FROM chf_att;

  COUNT(*)
----------
     19960

Elapsed: 00:00:00.00
20:49:27 SQL> 
20:49:27 SQL> Disconnected from Oracle Database 11g Enterprise Edition Release 11.2.0.1.0 - 64bit Production
With the Partitioning, OLAP, Data Mining and Real Application Testing options
