
SQL*Plus: Release 11.2.0.1.0 Production on Fri Feb 11 22:35:03 2011

Copyright (c) 1982, 2009, Oracle.  All rights reserved.


Connected to:
Oracle Database 11g Enterprise Edition Release 11.2.0.1.0 - 64bit Production
With the Partitioning, OLAP, Data Mining and Real Application Testing options

22:35:03 SQL> ALTER SESSION SET NLS_DATE_FORMAT = 'YYYY-MM-DD hh24:mi:ss';

Session altered.

Elapsed: 00:00:00.00
22:35:03 SQL> 22:35:03 SQL> --
22:35:03 SQL> -- qry_ibf5min.sql
22:35:03 SQL> --
22:35:03 SQL> 
22:35:03 SQL> -- I use this script to look for dups and bad data in ibf5min
22:35:03 SQL> 
22:35:03 SQL> SET LINES 66
22:35:03 SQL> DESC ibf5min
 Name				  Null?    Type
 -------------------------------- -------- -----------------------
 PAIR					   VARCHAR2(8)
 YDATE					   DATE
 CLSE					   NUMBER

22:35:03 SQL> SET LINES 166
22:35:03 SQL> 
22:35:03 SQL> SELECT
22:35:03   2  pair
22:35:03   3  ,COUNT(pair)
22:35:03   4  FROM ibf5min
22:35:03   5  GROUP BY pair
22:35:03   6  ORDER BY pair
22:35:03   7  /

PAIR	 COUNT(PAIR)
-------- -----------
aud_usd        15299
eur_usd        15303
gbp_usd        15303
usd_cad        15303
usd_chf        15306
usd_jpy        15301

6 rows selected.

Elapsed: 00:00:00.04
22:35:03 SQL> 
22:35:03 SQL> SELECT
22:35:03   2  TO_CHAR(ydate,'YYYY_MM')mnth,TO_CHAR(ydate,'W')wweek
22:35:03   3  ,COUNT(pair)
22:35:03   4  FROM ibf5min
22:35:03   5  GROUP BY TO_CHAR(ydate,'YYYY_MM'),TO_CHAR(ydate,'W')
22:35:03   6  ORDER BY TO_CHAR(ydate,'YYYY_MM'),TO_CHAR(ydate,'W')
22:35:03   7  /

MNTH	W COUNT(PAIR)
------- - -----------
2010_11 5	 1676
2010_12 1	 8550
2010_12 2	 8537
2010_12 3	 8370
2010_12 4	 8398
2010_12 5	 5001
2011_01 1	 8544
2011_01 2	 8548
2011_01 3	 8550
2011_01 4	 8550
2011_01 5	 1836
2011_02 1	 8547
2011_02 2	 6702
		    6

14 rows selected.

Elapsed: 00:00:00.07
22:35:03 SQL> 
22:35:03 SQL> -- Look for dups
22:35:03 SQL> SELECT COUNT(pair)FROM
22:35:03   2  (
22:35:03   3  SELECT
22:35:03   4  pair
22:35:03   5  ,ydate
22:35:03   6  ,COUNT(pair)
22:35:03   7  FROM ibf5min
22:35:03   8  GROUP BY pair,ydate
22:35:03   9  HAVING COUNT(pair)>1
22:35:03  10  )
22:35:03  11  /

COUNT(PAIR)
-----------
	  0

Elapsed: 00:00:00.06
22:35:03 SQL> 
22:35:03 SQL> -- Use LAG() to look for big jumps.
22:35:03 SQL> 
22:35:03 SQL> CREATE OR REPLACE VIEW ibf5min10 AS
22:35:03   2  SELECT
22:35:03   3  pair
22:35:03   4  -- ydate is granular down to 5 min:
22:35:03   5  ,ydate
22:35:03   6  ,clse
22:35:03   7  -- Use analytic function to get LAG()
22:35:03   8  ,LAG(ydate,1,NULL)OVER(PARTITION BY pair ORDER BY ydate)		    lag_ydate
22:35:03   9  ,(ydate - LAG(ydate,1,NULL)OVER(PARTITION BY pair ORDER BY ydate))*24*60 minutes_diff
22:35:03  10  ,LAG(clse,1,NULL)OVER(PARTITION BY pair ORDER BY ydate)		    lag_clse
22:35:03  11  ,(clse - LAG(clse,1,NULL)OVER(PARTITION BY pair ORDER BY ydate))/clse lag_diff
22:35:03  12  FROM ibf5min
22:35:03  13  WHERE clse>0
22:35:03  14  ORDER BY pair, ydate
22:35:03  15  /

View created.

Elapsed: 00:00:00.04
22:35:03 SQL> 
22:35:03 SQL> CREATE OR REPLACE VIEW ibf5min_ld AS
22:35:03   2  SELECT
22:35:03   3  pair
22:35:03   4  ,MIN(lag_diff)	min_lag_diff
22:35:03   5  ,AVG(lag_diff)	avg_lag_diff
22:35:03   6  ,STDDEV(lag_diff) stddev_lag_diff
22:35:03   7  ,MAX(lag_diff)	max_lag_diff
22:35:03   8  ,COUNT(lag_diff)	cnt_lag_diff
22:35:03   9  FROM ibf5min10
22:35:03  10  GROUP BY pair
22:35:03  11  /

View created.

Elapsed: 00:00:00.09
22:35:03 SQL> 
22:35:03 SQL> SELECT * FROM ibf5min_ld;

PAIR	 MIN_LAG_DIFF AVG_LAG_DIFF STDDEV_LAG_DIFF MAX_LAG_DIFF CNT_LAG_DIFF
-------- ------------ ------------ --------------- ------------ ------------
aud_usd    -.00412953	2.6579E-06	.000411242   .004498551        15297
eur_usd    -.00340562	2.1339E-06	.000418194   .004815837        15301
gbp_usd    -.00596104	1.8149E-06	.000353168   .004037224        15301
usd_cad    -.00367767	-2.125E-06	.000328348   .004222134        15301
usd_chf    -.00675762	-1.925E-06	.000456214    .00538548        15304
usd_jpy    -.00797352	-6.835E-07	.000340121   .005252714        15299

6 rows selected.

Elapsed: 00:00:00.35
22:35:04 SQL> 
22:35:04 SQL> SELECT * FROM ibf5min10 WHERE lag_diff = (SELECT MIN(min_lag_diff)FROM ibf5min_ld);

PAIR	 YDATE			   CLSE LAG_YDATE	    MINUTES_DIFF   LAG_CLSE   LAG_DIFF
-------- ------------------- ---------- ------------------- ------------ ---------- ----------
usd_jpy  2010-12-03 13:30:00	83.0875 2010-12-03 13:25:00	       5      83.75 -.00797352

Elapsed: 00:00:00.63
22:35:04 SQL> 
22:35:04 SQL> SELECT * FROM ibf5min10 WHERE lag_diff = (SELECT MAX(max_lag_diff)FROM ibf5min_ld);

PAIR	 YDATE			   CLSE LAG_YDATE	    MINUTES_DIFF   LAG_CLSE   LAG_DIFF
-------- ------------------- ---------- ------------------- ------------ ---------- ----------
usd_chf  2011-02-04 13:35:00	.956275 2011-02-04 13:30:00	       5    .951125  .00538548

Elapsed: 00:00:00.62
22:35:05 SQL> 
22:35:05 SQL> -- SELECT COUNT(*)FROM ibf5min10 WHERE lag_diff IN(SELECT max_lag_diff FROM ibf5min_ld);
22:35:05 SQL> 
22:35:05 SQL> -- Get a closer look at the smallest lag_diffs:
22:35:05 SQL> 
22:35:05 SQL> -- SELECT COUNT(l.pair)
22:35:05 SQL> SELECT
22:35:05   2  l.pair
22:35:05   3  ,TO_CHAR(i.ydate,'Day')dday
22:35:05   4  ,i.ydate
22:35:05   5  ,i.lag_clse
22:35:05   6  ,i.clse
22:35:05   7  ,i.lag_diff
22:35:05   8  ,i.lag_diff/stddev_lag_diff ld_st_ratio
22:35:05   9  ,i.minutes_diff
22:35:05  10  FROM ibf5min_ld l, ibf5min10 i
22:35:05  11  WHERE l.min_lag_diff = i.lag_diff
22:35:05  12  ORDER BY i.ydate,l.pair
22:35:05  13  /

PAIR	 DDAY	   YDATE		 LAG_CLSE	CLSE   LAG_DIFF LD_ST_RATIO MINUTES_DIFF
-------- --------- ------------------- ---------- ---------- ---------- ----------- ------------
usd_jpy  Friday    2010-12-03 13:30:00	    83.75    83.0875 -.00797352  -23.443192	       5
usd_chf  Friday    2010-12-03 13:35:00	  .990725    .984075 -.00675762  -14.812385	       5
usd_cad  Sunday    2011-01-02 22:15:00	.99783125    .994175 -.00367767  -11.200542	    2900
aud_usd  Tuesday   2011-01-25 00:30:00	   .99695     .99285 -.00412953  -10.041593	       5
gbp_usd  Tuesday   2011-01-25 09:30:00	 1.590525     1.5811 -.00596104  -16.878779	       5
eur_usd  Friday    2011-02-04 13:35:00	 1.362675    1.35805 -.00340562  -8.1436391	       5

6 rows selected.

Elapsed: 00:00:00.67
22:35:06 SQL> 
22:35:06 SQL> -- Get a closer look at the largest lag_diffs:
22:35:06 SQL> 
22:35:06 SQL> -- SELECT COUNT(l.pair)
22:35:06 SQL> SELECT
22:35:06   2  l.pair
22:35:06   3  ,TO_CHAR(i.ydate,'Day')dday
22:35:06   4  ,i.ydate
22:35:06   5  ,i.lag_clse
22:35:06   6  ,i.clse
22:35:06   7  ,i.lag_diff
22:35:06   8  ,i.lag_diff/stddev_lag_diff ld_st_ratio
22:35:06   9  ,i.minutes_diff
22:35:06  10  FROM ibf5min_ld l, ibf5min10 i
22:35:06  11  WHERE l.max_lag_diff = i.lag_diff
22:35:06  12  ORDER BY i.ydate,l.pair
22:35:06  13  /

PAIR	 DDAY	   YDATE		 LAG_CLSE	CLSE   LAG_DIFF LD_ST_RATIO MINUTES_DIFF
-------- --------- ------------------- ---------- ---------- ---------- ----------- ------------
usd_cad  Friday    2010-12-03 13:30:00	  1.00235     1.0066 .004222134  12.8587277	       5
aud_usd  Thursday  2010-12-09 00:30:00	  .979225     .98365 .004498551  10.9389363	       5
eur_usd  Thursday  2010-12-23 16:15:00	  1.30705   1.313375 .004815837  11.5158056	       5
usd_jpy  Wednesday 2011-01-05 13:15:00 82.3004167     82.735 .005252714  15.4436643	       5
gbp_usd  Tuesday   2011-01-18 09:30:00	  1.59735   1.603825 .004037224  11.4314627	       5
usd_chf  Friday    2011-02-04 13:35:00	  .951125    .956275  .00538548  11.8047279	       5

6 rows selected.

Elapsed: 00:00:00.67
22:35:06 SQL> 
22:35:06 SQL> -- I want to see rows around the rows which are connected to the max/min clse values
22:35:06 SQL> 
22:35:06 SQL> CREATE OR REPLACE VIEW ibf5min12 AS
22:35:06   2  SELECT
22:35:06   3  pair
22:35:06   4  -- ydate is granular down to 5 min:
22:35:06   5  ,ydate
22:35:06   6  ,LAG(clse,3,NULL)OVER(PARTITION BY pair ORDER BY ydate) lag_clse3
22:35:06   7  ,LAG(clse,2,NULL)OVER(PARTITION BY pair ORDER BY ydate) lag_clse2
22:35:06   8  ,LAG(clse,1,NULL)OVER(PARTITION BY pair ORDER BY ydate) lag_clse1
22:35:06   9  ,clse
22:35:06  10  ,LEAD(clse,1,NULL)OVER(PARTITION BY pair ORDER BY ydate) lead_clse1
22:35:06  11  ,LEAD(clse,2,NULL)OVER(PARTITION BY pair ORDER BY ydate) lead_clse2
22:35:06  12  ,LEAD(clse,3,NULL)OVER(PARTITION BY pair ORDER BY ydate) lead_clse3
22:35:06  13  ,(clse - LAG(clse,1,NULL)OVER(PARTITION BY pair ORDER BY ydate))/clse lag_diff
22:35:06  14  FROM ibf5min
22:35:06  15  WHERE clse>0
22:35:06  16  ORDER BY pair, ydate
22:35:06  17  /

View created.

Elapsed: 00:00:00.07
22:35:06 SQL> 
22:35:06 SQL> -- Now join ibf5min12 with ibf5min_ld
22:35:06 SQL> 
22:35:06 SQL> SELECT
22:35:06   2  l.pair
22:35:06   3  ,i.ydate
22:35:06   4  ,lag_clse3
22:35:06   5  ,lag_clse2
22:35:06   6  ,lag_clse1
22:35:06   7  ,lag_diff
22:35:06   8  ,i.clse
22:35:06   9  ,lead_clse1
22:35:06  10  ,lead_clse2
22:35:06  11  ,lead_clse3
22:35:06  12  FROM ibf5min_ld l, ibf5min12 i
22:35:06  13  WHERE l.max_lag_diff = i.lag_diff
22:35:06  14  OR    l.min_lag_diff = i.lag_diff
22:35:06  15  ORDER BY i.ydate,l.pair
22:35:06  16  /

PAIR	 YDATE		      LAG_CLSE3  LAG_CLSE2  LAG_CLSE1	LAG_DIFF       CLSE LEAD_CLSE1 LEAD_CLSE2 LEAD_CLSE3
-------- ------------------- ---------- ---------- ---------- ---------- ---------- ---------- ---------- ----------
usd_cad  2010-12-03 13:30:00   1.002175   1.002525    1.00235 .004222134     1.0066	1.0042	 1.005775     1.0071
usd_jpy  2010-12-03 13:30:00	 83.745     83.785	83.75 -.00797352    83.0875    82.8875	  82.8825     82.705
usd_chf  2010-12-03 13:35:00	.992425     .99135    .990725 -.00675762    .984075	 .9829	  .981675     .98125
aud_usd  2010-12-09 00:30:00	.978775     .97935    .979225 .004498551     .98365    .983675	  .984925      .9849
eur_usd  2010-12-23 16:15:00	1.30685     1.3071    1.30705 .004815837   1.313375	1.3115	  1.31175    1.31125
usd_cad  2011-01-02 22:15:00	 .99785    .997825  .99783125 -.00367767    .994175	.99475	   .99475     .99475
usd_jpy  2011-01-05 13:15:00	  82.24     82.225 82.3004167 .005252714     82.735   82.79375	  83.0475     82.875
gbp_usd  2011-01-18 09:30:00   1.598025    1.59815    1.59735 .004037224   1.603825    1.60465	 1.603175     1.6045
aud_usd  2011-01-25 00:30:00	.997525    .997475     .99695 -.00412953     .99285	.99325	    .9932     .99355
gbp_usd  2011-01-25 09:30:00   1.590875    1.59065   1.590525 -.00596104     1.5811    1.58245	   1.5802    1.57875
eur_usd  2011-02-04 13:35:00   1.364425   1.364725   1.362675 -.00340562    1.35805    1.35925	  1.35875    1.35875
usd_chf  2011-02-04 13:35:00	  .9494    .949075    .951125  .00538548    .956275	 .9541	   .95475      .9549

12 rows selected.

Elapsed: 00:00:01.99
22:35:08 SQL> 
22:35:08 SQL> -- Look at what is recent
22:35:08 SQL> 
22:35:08 SQL> SELECT
22:35:08   2  pair
22:35:08   3  ,ydate
22:35:08   4  ,clse
22:35:08   5  FROM ibf5min
22:35:08   6  WHERE ydate > sysdate - 1.5/24
22:35:08   7  ORDER BY pair,ydate
22:35:08   8  /

PAIR	 YDATE			   CLSE
-------- ------------------- ----------
aud_usd  2011-02-11 21:10:00	 1.0026
aud_usd  2011-02-11 21:15:00   1.002475
aud_usd  2011-02-11 21:20:00	1.00245
aud_usd  2011-02-11 21:25:00   1.002625
aud_usd  2011-02-11 21:30:00   1.002725
aud_usd  2011-02-11 21:35:00   1.002825
aud_usd  2011-02-11 21:40:00	1.00225
aud_usd  2011-02-11 21:45:00   1.002375
aud_usd  2011-02-11 21:50:00   1.002275
aud_usd  2011-02-11 21:55:00   1.002225
eur_usd  2011-02-11 21:10:00	1.35485
eur_usd  2011-02-11 21:15:00   1.354675
eur_usd  2011-02-11 21:20:00   1.354675
eur_usd  2011-02-11 21:25:00	1.35465
eur_usd  2011-02-11 21:30:00	 1.3548
eur_usd  2011-02-11 21:35:00  1.3549875
eur_usd  2011-02-11 21:40:00   1.354675
eur_usd  2011-02-11 21:45:00   1.354775
eur_usd  2011-02-11 21:50:00	1.35475
eur_usd  2011-02-11 21:55:00	1.35555
gbp_usd  2011-02-11 21:10:00   1.600625
gbp_usd  2011-02-11 21:15:00  1.6005875
gbp_usd  2011-02-11 21:20:00	 1.6005
gbp_usd  2011-02-11 21:25:00   1.600525
gbp_usd  2011-02-11 21:30:00   1.600725
gbp_usd  2011-02-11 21:35:00  1.6008125
gbp_usd  2011-02-11 21:40:00	 1.6008
gbp_usd  2011-02-11 21:45:00   1.601125
gbp_usd  2011-02-11 21:50:00	 1.6008
gbp_usd  2011-02-11 21:55:00	1.60075
usd_cad  2011-02-11 21:10:00	.986875
usd_cad  2011-02-11 21:15:00	  .9876
usd_cad  2011-02-11 21:20:00	 .98825
usd_cad  2011-02-11 21:25:00	  .9883
usd_cad  2011-02-11 21:30:00	.988225
usd_cad  2011-02-11 21:35:00   .9883125
usd_cad  2011-02-11 21:40:00	.988625
usd_cad  2011-02-11 21:45:00	 .98855
usd_cad  2011-02-11 21:50:00	  .9884
usd_cad  2011-02-11 21:55:00	 .98755
usd_chf  2011-02-11 21:10:00	  .9731
usd_chf  2011-02-11 21:15:00	  .9733
usd_chf  2011-02-11 21:20:00	.973225
usd_chf  2011-02-11 21:25:00	  .9732
usd_chf  2011-02-11 21:30:00	 .97305
usd_chf  2011-02-11 21:35:00	.972975
usd_chf  2011-02-11 21:40:00	.973125
usd_chf  2011-02-11 21:45:00	.973125
usd_chf  2011-02-11 21:50:00   .9730875
usd_chf  2011-02-11 21:55:00	.973175
usd_jpy  2011-02-11 21:10:00	 83.455
usd_jpy  2011-02-11 21:15:00	  83.43
usd_jpy  2011-02-11 21:20:00   83.43875
usd_jpy  2011-02-11 21:25:00	83.4425
usd_jpy  2011-02-11 21:30:00	 83.435
usd_jpy  2011-02-11 21:35:00	  83.43
usd_jpy  2011-02-11 21:40:00	83.4375
usd_jpy  2011-02-11 21:45:00	 83.435
usd_jpy  2011-02-11 21:50:00   83.43125
usd_jpy  2011-02-11 21:55:00	83.4375

60 rows selected.

Elapsed: 00:00:00.01
22:35:08 SQL> 
22:35:08 SQL> exit
Disconnected from Oracle Database 11g Enterprise Edition Release 11.2.0.1.0 - 64bit Production
With the Partitioning, OLAP, Data Mining and Real Application Testing options
