
SQL*Plus: Release 11.2.0.1.0 Production on Fri Mar 11 22:50:58 2011

Copyright (c) 1982, 2009, Oracle.  All rights reserved.


Connected to:
Oracle Database 11g Enterprise Edition Release 11.2.0.1.0 - 64bit Production
With the Partitioning, OLAP, Data Mining and Real Application Testing options

22:50:58 SQL> ALTER SESSION SET NLS_DATE_FORMAT = 'YYYY-MM-DD hh24:mi:ss';

Session altered.

Elapsed: 00:00:00.01
22:50:58 SQL> 22:50:58 SQL> --
22:50:58 SQL> -- qry_ibf5min.sql
22:50:58 SQL> --
22:50:58 SQL> 
22:50:58 SQL> -- I use this script to look for dups and bad data in ibf5min
22:50:58 SQL> 
22:50:58 SQL> SET LINES 66
22:50:58 SQL> DESC ibf5min
 Name				  Null?    Type
 -------------------------------- -------- -----------------------
 PAIR					   VARCHAR2(8)
 YDATE					   DATE
 CLSE					   NUMBER

22:50:58 SQL> SET LINES 166
22:50:58 SQL> 
22:50:58 SQL> SELECT
22:50:58   2  pair
22:50:58   3  ,COUNT(pair)
22:50:58   4  FROM ibf5min
22:50:58   5  GROUP BY pair
22:50:58   6  ORDER BY pair
22:50:58   7  /

PAIR	 COUNT(PAIR)
-------- -----------
aud_usd        20994
eur_usd        21000
gbp_usd        21000
usd_cad        20999
usd_chf        21005
usd_jpy        21000

6 rows selected.

Elapsed: 00:00:00.03
22:50:58 SQL> 
22:50:58 SQL> SELECT
22:50:58   2  TO_CHAR(ydate,'YYYY_MM')mnth,TO_CHAR(ydate,'W')wweek
22:50:58   3  ,COUNT(pair)
22:50:58   4  FROM ibf5min
22:50:58   5  GROUP BY TO_CHAR(ydate,'YYYY_MM'),TO_CHAR(ydate,'W')
22:50:58   6  ORDER BY TO_CHAR(ydate,'YYYY_MM'),TO_CHAR(ydate,'W')
22:50:58   7  /

MNTH	W COUNT(PAIR)
------- - -----------
2010_11 5	 1676
2010_12 1	 8550
2010_12 2	 8537
2010_12 3	 8370
2010_12 4	 8398
2010_12 5	 5001
2011_01 1	 8544
2011_01 2	 8548
2011_01 3	 8550
2011_01 4	 8550
2011_01 5	 1836
2011_02 1	 8547
2011_02 2	 8538
2011_02 3	 8545
2011_02 4	 8550
2011_03 1	 8539
2011_03 2	 6713
		    6

18 rows selected.

Elapsed: 00:00:00.10
22:50:58 SQL> 
22:50:58 SQL> -- Look for dups
22:50:58 SQL> SELECT COUNT(pair)FROM
22:50:58   2  (
22:50:58   3  SELECT
22:50:58   4  pair
22:50:58   5  ,ydate
22:50:58   6  ,COUNT(pair)
22:50:58   7  FROM ibf5min
22:50:58   8  GROUP BY pair,ydate
22:50:58   9  HAVING COUNT(pair)>1
22:50:58  10  )
22:50:58  11  /

COUNT(PAIR)
-----------
	  0

Elapsed: 00:00:00.07
22:50:58 SQL> 
22:50:58 SQL> -- Use LAG() to look for big jumps.
22:50:58 SQL> 
22:50:58 SQL> CREATE OR REPLACE VIEW ibf5min10 AS
22:50:58   2  SELECT
22:50:58   3  pair
22:50:58   4  -- ydate is granular down to 5 min:
22:50:58   5  ,ydate
22:50:58   6  ,clse
22:50:58   7  -- Use analytic function to get LAG()
22:50:58   8  ,LAG(ydate,1,NULL)OVER(PARTITION BY pair ORDER BY ydate)		    lag_ydate
22:50:58   9  ,(ydate - LAG(ydate,1,NULL)OVER(PARTITION BY pair ORDER BY ydate))*24*60 minutes_diff
22:50:58  10  ,LAG(clse,1,NULL)OVER(PARTITION BY pair ORDER BY ydate)		    lag_clse
22:50:58  11  ,(clse - LAG(clse,1,NULL)OVER(PARTITION BY pair ORDER BY ydate))/clse lag_diff
22:50:58  12  FROM ibf5min
22:50:58  13  WHERE clse>0
22:50:58  14  ORDER BY pair, ydate
22:50:58  15  /

View created.

Elapsed: 00:00:00.06
22:50:58 SQL> 
22:50:58 SQL> CREATE OR REPLACE VIEW ibf5min_ld AS
22:50:58   2  SELECT
22:50:58   3  pair
22:50:58   4  ,MIN(lag_diff)	min_lag_diff
22:50:58   5  ,AVG(lag_diff)	avg_lag_diff
22:50:58   6  ,STDDEV(lag_diff) stddev_lag_diff
22:50:58   7  ,MAX(lag_diff)	max_lag_diff
22:50:58   8  ,COUNT(lag_diff)	cnt_lag_diff
22:50:58   9  FROM ibf5min10
22:50:58  10  GROUP BY pair
22:50:58  11  /

View created.

Elapsed: 00:00:00.04
22:50:58 SQL> 
22:50:58 SQL> SELECT * FROM ibf5min_ld;

PAIR	 MIN_LAG_DIFF AVG_LAG_DIFF STDDEV_LAG_DIFF MAX_LAG_DIFF CNT_LAG_DIFF
-------- ------------ ------------ --------------- ------------ ------------
aud_usd    -.00412953	.000002469	.000398642   .004498551        20992
eur_usd    -.00340562	2.7433E-06	.000396731   .005109004        20998
gbp_usd    -.00596104	1.5294E-06	.000341045   .004037224        20998
usd_cad    -.00367767	-2.252E-06	 .00031282   .004222134        20997
usd_chf    -.00675762	-3.595E-06	.000436346    .00538548        21003
usd_jpy    -.00797352	-1.429E-06	.000327003   .005252714        20998

6 rows selected.

Elapsed: 00:00:00.47
22:50:58 SQL> 
22:50:58 SQL> SELECT * FROM ibf5min10 WHERE lag_diff = (SELECT MIN(min_lag_diff)FROM ibf5min_ld);

PAIR	 YDATE			   CLSE LAG_YDATE	    MINUTES_DIFF   LAG_CLSE   LAG_DIFF
-------- ------------------- ---------- ------------------- ------------ ---------- ----------
usd_jpy  2010-12-03 13:30:00	83.0875 2010-12-03 13:25:00	       5      83.75 -.00797352

Elapsed: 00:00:00.85
22:50:59 SQL> 
22:50:59 SQL> SELECT * FROM ibf5min10 WHERE lag_diff = (SELECT MAX(max_lag_diff)FROM ibf5min_ld);

PAIR	 YDATE			   CLSE LAG_YDATE	    MINUTES_DIFF   LAG_CLSE   LAG_DIFF
-------- ------------------- ---------- ------------------- ------------ ---------- ----------
usd_chf  2011-02-04 13:35:00	.956275 2011-02-04 13:30:00	       5    .951125  .00538548

Elapsed: 00:00:00.87
22:51:00 SQL> 
22:51:00 SQL> -- SELECT COUNT(*)FROM ibf5min10 WHERE lag_diff IN(SELECT max_lag_diff FROM ibf5min_ld);
22:51:00 SQL> 
22:51:00 SQL> -- Get a closer look at the smallest lag_diffs:
22:51:00 SQL> 
22:51:00 SQL> -- SELECT COUNT(l.pair)
22:51:00 SQL> SELECT
22:51:00   2  l.pair
22:51:00   3  ,TO_CHAR(i.ydate,'Day')dday
22:51:00   4  ,i.ydate
22:51:00   5  ,i.lag_clse
22:51:00   6  ,i.clse
22:51:00   7  ,i.lag_diff
22:51:00   8  ,i.lag_diff/stddev_lag_diff ld_st_ratio
22:51:00   9  ,i.minutes_diff
22:51:00  10  FROM ibf5min_ld l, ibf5min10 i
22:51:00  11  WHERE l.min_lag_diff = i.lag_diff
22:51:00  12  ORDER BY i.ydate,l.pair
22:51:00  13  /

PAIR	 DDAY	   YDATE		 LAG_CLSE	CLSE   LAG_DIFF LD_ST_RATIO MINUTES_DIFF
-------- --------- ------------------- ---------- ---------- ---------- ----------- ------------
usd_jpy  Friday    2010-12-03 13:30:00	    83.75    83.0875 -.00797352  -24.383611	       5
usd_chf  Friday    2010-12-03 13:35:00	  .990725    .984075 -.00675762  -15.486818	       5
usd_cad  Sunday    2011-01-02 22:15:00	.99783125    .994175 -.00367767  -11.756501	    2900
aud_usd  Tuesday   2011-01-25 00:30:00	   .99695     .99285 -.00412953   -10.35899	       5
gbp_usd  Tuesday   2011-01-25 09:30:00	 1.590525     1.5811 -.00596104  -17.478757	       5
eur_usd  Friday    2011-02-04 13:35:00	 1.362675    1.35805 -.00340562  -8.5841927	       5

6 rows selected.

Elapsed: 00:00:00.92
22:51:01 SQL> 
22:51:01 SQL> -- Get a closer look at the largest lag_diffs:
22:51:01 SQL> 
22:51:01 SQL> -- SELECT COUNT(l.pair)
22:51:01 SQL> SELECT
22:51:01   2  l.pair
22:51:01   3  ,TO_CHAR(i.ydate,'Day')dday
22:51:01   4  ,i.ydate
22:51:01   5  ,i.lag_clse
22:51:01   6  ,i.clse
22:51:01   7  ,i.lag_diff
22:51:01   8  ,i.lag_diff/stddev_lag_diff ld_st_ratio
22:51:01   9  ,i.minutes_diff
22:51:01  10  FROM ibf5min_ld l, ibf5min10 i
22:51:01  11  WHERE l.max_lag_diff = i.lag_diff
22:51:01  12  ORDER BY i.ydate,l.pair
22:51:01  13  /

PAIR	 DDAY	   YDATE		 LAG_CLSE	CLSE   LAG_DIFF LD_ST_RATIO MINUTES_DIFF
-------- --------- ------------------- ---------- ---------- ---------- ----------- ------------
usd_cad  Friday    2010-12-03 13:30:00	  1.00235     1.0066 .004222134  13.4969941	       5
aud_usd  Thursday  2010-12-09 00:30:00	  .979225     .98365 .004498551   11.284696	       5
usd_jpy  Wednesday 2011-01-05 13:15:00 82.3004167     82.735 .005252714  16.0631837	       5
gbp_usd  Tuesday   2011-01-18 09:30:00	  1.59735   1.603825 .004037224   11.837809	       5
usd_chf  Friday    2011-02-04 13:35:00	  .951125    .956275  .00538548  12.3422173	       5
eur_usd  Thursday  2011-03-03 13:30:00	1.3850375    1.39215 .005109004  12.8777423	       5

6 rows selected.

Elapsed: 00:00:00.93
22:51:02 SQL> 
22:51:02 SQL> -- I want to see rows around the rows which are connected to the max/min clse values
22:51:02 SQL> 
22:51:02 SQL> CREATE OR REPLACE VIEW ibf5min12 AS
22:51:02   2  SELECT
22:51:02   3  pair
22:51:02   4  -- ydate is granular down to 5 min:
22:51:02   5  ,ydate
22:51:02   6  ,LAG(clse,3,NULL)OVER(PARTITION BY pair ORDER BY ydate) lag_clse3
22:51:02   7  ,LAG(clse,2,NULL)OVER(PARTITION BY pair ORDER BY ydate) lag_clse2
22:51:02   8  ,LAG(clse,1,NULL)OVER(PARTITION BY pair ORDER BY ydate) lag_clse1
22:51:02   9  ,clse
22:51:02  10  ,LEAD(clse,1,NULL)OVER(PARTITION BY pair ORDER BY ydate) lead_clse1
22:51:02  11  ,LEAD(clse,2,NULL)OVER(PARTITION BY pair ORDER BY ydate) lead_clse2
22:51:02  12  ,LEAD(clse,3,NULL)OVER(PARTITION BY pair ORDER BY ydate) lead_clse3
22:51:02  13  ,(clse - LAG(clse,1,NULL)OVER(PARTITION BY pair ORDER BY ydate))/clse lag_diff
22:51:02  14  FROM ibf5min
22:51:02  15  WHERE clse>0
22:51:02  16  ORDER BY pair, ydate
22:51:02  17  /

View created.

Elapsed: 00:00:00.03
22:51:02 SQL> 
22:51:02 SQL> -- Now join ibf5min12 with ibf5min_ld
22:51:02 SQL> 
22:51:02 SQL> SELECT
22:51:02   2  l.pair
22:51:02   3  ,i.ydate
22:51:02   4  ,lag_clse3
22:51:02   5  ,lag_clse2
22:51:02   6  ,lag_clse1
22:51:02   7  ,lag_diff
22:51:02   8  ,i.clse
22:51:02   9  ,lead_clse1
22:51:02  10  ,lead_clse2
22:51:02  11  ,lead_clse3
22:51:02  12  FROM ibf5min_ld l, ibf5min12 i
22:51:02  13  WHERE l.max_lag_diff = i.lag_diff
22:51:02  14  OR    l.min_lag_diff = i.lag_diff
22:51:02  15  ORDER BY i.ydate,l.pair
22:51:02  16  /

PAIR	 YDATE		      LAG_CLSE3  LAG_CLSE2  LAG_CLSE1	LAG_DIFF       CLSE LEAD_CLSE1 LEAD_CLSE2 LEAD_CLSE3
-------- ------------------- ---------- ---------- ---------- ---------- ---------- ---------- ---------- ----------
usd_cad  2010-12-03 13:30:00   1.002175   1.002525    1.00235 .004222134     1.0066	1.0042	 1.005775     1.0071
usd_jpy  2010-12-03 13:30:00	 83.745     83.785	83.75 -.00797352    83.0875    82.8875	  82.8825     82.705
usd_chf  2010-12-03 13:35:00	.992425     .99135    .990725 -.00675762    .984075	 .9829	  .981675     .98125
aud_usd  2010-12-09 00:30:00	.978775     .97935    .979225 .004498551     .98365    .983675	  .984925      .9849
usd_cad  2011-01-02 22:15:00	 .99785    .997825  .99783125 -.00367767    .994175	.99475	   .99475     .99475
usd_jpy  2011-01-05 13:15:00	  82.24     82.225 82.3004167 .005252714     82.735   82.79375	  83.0475     82.875
gbp_usd  2011-01-18 09:30:00   1.598025    1.59815    1.59735 .004037224   1.603825    1.60465	 1.603175     1.6045
aud_usd  2011-01-25 00:30:00	.997525    .997475     .99695 -.00412953     .99285	.99325	    .9932     .99355
gbp_usd  2011-01-25 09:30:00   1.590875    1.59065   1.590525 -.00596104     1.5811    1.58245	   1.5802    1.57875
eur_usd  2011-02-04 13:35:00   1.364425   1.364725   1.362675 -.00340562    1.35805    1.35925	  1.35875    1.35875
usd_chf  2011-02-04 13:35:00	  .9494    .949075    .951125  .00538548    .956275	 .9541	   .95475      .9549
eur_usd  2011-03-03 13:30:00   1.385075      1.385  1.3850375 .005109004    1.39215  1.3931125	 1.394075    1.39625

12 rows selected.

Elapsed: 00:00:02.69
22:51:05 SQL> 
22:51:05 SQL> -- Look at what is recent
22:51:05 SQL> 
22:51:05 SQL> SELECT
22:51:05   2  pair
22:51:05   3  ,ydate
22:51:05   4  ,clse
22:51:05   5  FROM ibf5min
22:51:05   6  WHERE ydate > sysdate - 1.5/24
22:51:05   7  ORDER BY pair,ydate
22:51:05   8  /

PAIR	 YDATE			   CLSE
-------- ------------------- ----------
aud_usd  2011-03-11 21:25:00	 1.0146
aud_usd  2011-03-11 21:30:00  1.0145375
aud_usd  2011-03-11 21:35:00	1.01445
aud_usd  2011-03-11 21:40:00  1.0142875
aud_usd  2011-03-11 21:45:00	1.01425
aud_usd  2011-03-11 21:50:00   1.013925
aud_usd  2011-03-11 21:55:00  1.0138625
eur_usd  2011-03-11 21:25:00	1.39095
eur_usd  2011-03-11 21:30:00   1.390825
eur_usd  2011-03-11 21:35:00   1.391075
eur_usd  2011-03-11 21:40:00  1.3907625
eur_usd  2011-03-11 21:45:00  1.3904125
eur_usd  2011-03-11 21:50:00   1.390275
eur_usd  2011-03-11 21:55:00  1.3902375
gbp_usd  2011-03-11 21:25:00	 1.6082
gbp_usd  2011-03-11 21:30:00  1.6079875
gbp_usd  2011-03-11 21:35:00	 1.6082
gbp_usd  2011-03-11 21:40:00  1.6080875
gbp_usd  2011-03-11 21:45:00	1.60785
gbp_usd  2011-03-11 21:50:00	1.60765
gbp_usd  2011-03-11 21:55:00	1.60815
usd_cad  2011-03-11 21:25:00	.971875
usd_cad  2011-03-11 21:30:00   .9720625
usd_cad  2011-03-11 21:35:00	  .9721
usd_cad  2011-03-11 21:40:00	  .9724
usd_cad  2011-03-11 21:45:00	.972775
usd_cad  2011-03-11 21:50:00	  .9727
usd_cad  2011-03-11 21:55:00   .9732625
usd_chf  2011-03-11 21:25:00	  .9294
usd_chf  2011-03-11 21:30:00	.929575
usd_chf  2011-03-11 21:35:00	 .92955
usd_chf  2011-03-11 21:40:00   .9296625
usd_chf  2011-03-11 21:45:00	.929725
usd_chf  2011-03-11 21:50:00	.929675
usd_chf  2011-03-11 21:55:00   .9297625
usd_jpy  2011-03-11 21:25:00	81.8975
usd_jpy  2011-03-11 21:30:00   81.89625
usd_jpy  2011-03-11 21:35:00	 81.935
usd_jpy  2011-03-11 21:40:00	81.9175
usd_jpy  2011-03-11 21:45:00	 81.965
usd_jpy  2011-03-11 21:50:00	 81.895
usd_jpy  2011-03-11 21:55:00	81.8425

42 rows selected.

Elapsed: 00:00:00.01
22:51:05 SQL> 
22:51:05 SQL> exit
Disconnected from Oracle Database 11g Enterprise Edition Release 11.2.0.1.0 - 64bit Production
With the Partitioning, OLAP, Data Mining and Real Application Testing options
