/pt/s/rluck/svm6/compare_6_8_2010_1226.txt

I looks like svm6 wins!


6 first:

sqt @aud_rpt

SQL*Plus: Release 11.2.0.1.0 Production on Sun Dec 26 08:32:03 2010

Copyright (c) 1982, 2009, Oracle.  All rights reserved.


Connected to:
Oracle Database 11g Enterprise Edition Release 11.2.0.1.0 - 64bit Production
With the Partitioning, OLAP, Data Mining and Real Application Testing options

08:32:04 SQL> ALTER SESSION SET NLS_DATE_FORMAT = 'YYYY-MM-DD hh24:mi:ss';

Session altered.

Elapsed: 00:00:00.02
08:32:04 SQL> --
08:32:04 SQL> -- aud_rpt.sql
08:32:04 SQL> --
08:32:04 SQL> 
08:32:04 SQL> -- Joins scores with aud_ms6.
08:32:04 SQL> 
08:32:04 SQL> CREATE OR REPLACE VIEW aud_rpt AS
08:32:04   2  SELECT
08:32:04   3  s.prdate
08:32:04   4  ,m.ydate
08:32:04   5  ,score
08:32:04   6  ,ROUND(score,1)rscore
08:32:04   7  ,aud_g6
08:32:04   8  FROM fxscores6 s, aud_ms6 m
08:32:04   9  WHERE s.ydate = m.ydate
08:32:04  10  AND s.pair='aud'
08:32:04  11  AND score>0
08:32:04  12  /

View created.

Elapsed: 00:00:00.32
08:32:05 SQL> 
08:32:05 SQL> -- rpt
08:32:05 SQL> SELECT
08:32:05   2  COUNT(score)
08:32:05   3  ,CORR(score,aud_g6)
08:32:05   4  FROM aud_rpt WHERE score > 0.5
08:32:05   5  /

COUNT(SCORE) CORR(SCORE,AUD_G6)
------------ ------------------
         285         .188985135

Elapsed: 00:00:01.01
08:32:06 SQL> 
08:32:06 SQL> SELECT
08:32:06   2  TO_CHAR(ydate,'YYYY-MM')
08:32:06   3  ,COUNT(score)
08:32:06   4  ,CORR(score,aud_g6)
08:32:06   5  FROM aud_rpt
08:32:06   6  GROUP BY TO_CHAR(ydate,'YYYY-MM')
08:32:06   7  ORDER BY TO_CHAR(ydate,'YYYY-MM')
08:32:06   8  /

TO_CHAR COUNT(SCORE) CORR(SCORE,AUD_G6)
------- ------------ ------------------
2010-10          123         .461548038
2010-11          320         .254223762
2010-12          327         .197329856

Elapsed: 00:00:00.04

08:32:06 SQL> COLUMN rscore  FORMAT 999.9
08:32:06 SQL> COLUMN cnt     FORMAT 999999
08:32:06 SQL> COLUMN corr_sg FORMAT 999.99
08:32:06 SQL> 
08:32:06 SQL> SELECT
08:32:06   2  rscore
08:32:06   3  ,ROUND(AVG(aud_g6),4)      avg_aud_g6
08:32:06   4  ,COUNT(score)            cnt
08:32:06   5  ,ROUND(MIN(aud_g6),4)      min_aud_g6
08:32:06   6  ,ROUND(STDDEV(aud_g6),4) std_aud_g6
08:32:06   7  ,ROUND(MAX(aud_g6),4)      max_aud_g6
08:32:06   8  ,ROUND(CORR(score,aud_g6),2)corr_sg
08:32:06   9  ,MIN(ydate)        min_ydate
08:32:06  10  ,MAX(ydate)        max_ydate
08:32:06  11  FROM aud_rpt
08:32:06  12  GROUP BY rscore
08:32:06  13  ORDER BY rscore
08:32:06  14  /

RSCORE AVG_AUD_G6     CNT MIN_AUD_G6 STD_AUD_G6 MAX_AUD_G6 CORR_SG MIN_YDATE           MAX_YDATE
------ ---------- ------- ---------- ---------- ---------- ------- ------------------- -------------------
    .0      .0001       1      .0001          0      .0001         2010-12-13 21:05:00 2010-12-13 21:05:00
    .1      -.001      53     -.0128      .0028      .0044     .16 2010-10-21 09:05:01 2010-12-24 13:35:00
    .2     -.0013      99     -.0093      .0035      .0093    -.02 2010-10-21 11:05:01 2010-12-23 20:10:00
    .3     -.0012     122     -.0134      .0033      .0088     .03 2010-10-21 01:45:01 2010-12-24 15:15:00
    .4     -.0001     136     -.0123      .0039      .0092     .18 2010-10-21 00:15:01 2010-12-24 16:45:00
    .5      .0005     140     -.0127      .0037      .0102     .15 2010-10-21 06:00:01 2010-12-24 18:50:00
    .6      .0004     101     -.0075      .0033      .0073     .13 2010-10-21 04:15:01 2010-12-24 21:10:00
    .7       .002      66     -.0056      .0032      .0113     .09 2010-10-21 04:05:01 2010-12-24 21:20:00
    .8      .0018      45     -.0059      .0035      .0083    -.19 2010-10-21 03:40:01 2010-12-24 17:40:00
    .9      .0039       7      .0006       .003       .009     .30 2010-10-25 01:05:01 2010-12-24 18:00:00

10 rows selected.

Elapsed: 00:00:00.03
08:32:06 SQL> 
08:32:06 SQL> exit
Disconnected from Oracle Database 11g Enterprise Edition Release 11.2.0.1.0 - 64bit Production
With the Partitioning, OLAP, Data Mining and Real Application Testing options
oracle@z2:/pt/s/rluck/svm6/svm$ 


Next, 8:


oracle@z2:/pt/s/rluck/svm8hp/svm2$ sqt @my_rpt

SQL*Plus: Release 11.2.0.1.0 Production on Sun Dec 26 08:36:16 2010

Copyright (c) 1982, 2009, Oracle.  All rights reserved.


Connected to:
Oracle Database 11g Enterprise Edition Release 11.2.0.1.0 - 64bit Production
With the Partitioning, OLAP, Data Mining and Real Application Testing options

08:36:16 SQL> ALTER SESSION SET NLS_DATE_FORMAT = 'YYYY-MM-DD hh24:mi:ss';

Session altered.

Elapsed: 00:00:00.00
08:36:16 SQL> --
08:36:16 SQL> -- aud_rpt.sql
08:36:16 SQL> --
08:36:16 SQL> 
08:36:16 SQL> -- Joins scores with aud_ms14.
08:36:16 SQL> 
08:36:16 SQL> CREATE OR REPLACE VIEW aud_rpt AS
08:36:16   2  SELECT
08:36:16   3  s.prdate
08:36:16   4  ,m.ydate
08:36:16   5  ,s.score
08:36:16   6  ,ROUND(s.score,1)rscore
08:36:16   7  ,aud_g8
08:36:16   8  FROM fxscores8hp s, aud_ms14 m, fxscores6 f
08:36:16   9  WHERE s.ydate = m.ydate
08:36:16  10  AND s.ydate = f.ydate
08:36:16  11  AND s.pair='aud'
08:36:16  12  AND f.pair='aud'
08:36:16  13  AND s.score>0
08:36:16  14  /

View created.

Elapsed: 00:00:00.04
08:36:17 SQL> 
08:36:17 SQL> -- rpt
08:36:17 SQL> SELECT count(score),CORR(score,aud_g8)FROM aud_rpt WHERE score > 0.5;

COUNT(SCORE) CORR(SCORE,AUD_G8)
------------ ------------------
         230         .042668587

Elapsed: 00:00:00.04
08:36:17 SQL> 
08:36:17 SQL> SELECT
08:36:17   2  TO_CHAR(ydate,'YYYY-MM')
08:36:17   3  ,count(score)
08:36:17   4  ,CORR(score,aud_g8)
08:36:17   5  FROM aud_rpt
08:36:17   6  GROUP BY TO_CHAR(ydate,'YYYY-MM')
08:36:17   7  ORDER BY TO_CHAR(ydate,'YYYY-MM')
08:36:17   8  /

TO_CHAR COUNT(SCORE) CORR(SCORE,AUD_G8)
------- ------------ ------------------
2010-10          123         .167128721
2010-11          320         .090665048
2010-12          327         .124760015

Elapsed: 00:00:00.03
08:36:17 SQL> 
08:36:17 SQL> 
08:36:17 SQL> COLUMN rscore  FORMAT 999.9
08:36:17 SQL> COLUMN cnt     FORMAT 999999
08:36:17 SQL> COLUMN corr_sg FORMAT 999.99
08:36:17 SQL> 
08:36:17 SQL> SELECT
08:36:17   2  rscore
08:36:17   3  ,ROUND(AVG(aud_g8),4)      avg_aud_g8
08:36:17   4  ,COUNT(score)            cnt
08:36:17   5  ,ROUND(MIN(aud_g8),4)      min_aud_g8
08:36:17   6  ,ROUND(STDDEV(aud_g8),4) std_aud_g8
08:36:17   7  ,ROUND(MAX(aud_g8),4)      max_aud_g8
08:36:17   8  ,ROUND(CORR(score,aud_g8),2)corr_sg
08:36:17   9  ,MIN(ydate)        min_ydate
08:36:17  10  ,MAX(ydate)        max_ydate
08:36:17  11  FROM aud_rpt
08:36:17  12  GROUP BY rscore
08:36:17  13  ORDER BY rscore
08:36:17  14  /

RSCORE AVG_AUD_G8     CNT MIN_AUD_G8 STD_AUD_G8 MAX_AUD_G8 CORR_SG MIN_YDATE           MAX_YDATE
------ ---------- ------- ---------- ---------- ---------- ------- ------------------- -------------------
    .0      .0003       2     -.0013      .0022      .0019    1.00 2010-11-30 00:20:00 2010-12-14 00:00:00
    .1      -.001      57     -.0133      .0041      .0121     .11 2010-10-22 07:15:01 2010-12-23 22:45:00
    .2     -.0007     134     -.0147      .0049      .0097     .06 2010-10-21 08:40:01 2010-12-24 21:10:00
    .3          0     143     -.0086      .0039      .0116     .06 2010-10-21 00:15:01 2010-12-24 09:25:00
    .4     -.0001     155     -.0136      .0041      .0095     .05 2010-10-21 01:45:01 2010-12-24 21:20:00
    .5      .0013     105     -.0086      .0038      .0111    -.03 2010-10-22 21:10:01 2010-12-24 15:45:00
    .6     -.0001      75     -.0165      .0048      .0089    -.04 2010-10-21 04:05:01 2010-12-24 01:15:00
    .7      .0008      57     -.0077      .0034      .0093     .22 2010-10-26 01:00:01 2010-12-24 18:55:00
    .8      .0016      34     -.0116      .0048      .0127     .20 2010-10-21 19:10:01 2010-12-24 18:50:00
    .9     -.0028       7     -.0073      .0034      .0028    -.03 2010-11-19 06:20:01 2010-12-16 11:40:00
   1.0      .0046       1      .0046          0      .0046         2010-12-07 03:45:00 2010-12-07 03:45:00

11 rows selected.

Elapsed: 00:00:00.03
08:36:17 SQL> 
08:36:17 SQL> exit
Disconnected from Oracle Database 11g Enterprise Edition Release 11.2.0.1.0 - 64bit Production
With the Partitioning, OLAP, Data Mining and Real Application Testing options
oracle@z2:/pt/s/rluck/svm8hp/svm2$ 


ooooooooooooooo

shorts next.

6 1st:


oracle@zu:/pt/s/rluck/svm6/svm$ sqt @aud_rpt_gattn

SQL*Plus: Release 11.2.0.1.0 Production on Sun Dec 26 08:39:10 2010

Copyright (c) 1982, 2009, Oracle.  All rights reserved.


Connected to:
Oracle Database 11g Enterprise Edition Release 11.2.0.1.0 - 64bit Production
With the Partitioning, OLAP, Data Mining and Real Application Testing options

08:39:10 SQL> ALTER SESSION SET NLS_DATE_FORMAT = 'YYYY-MM-DD hh24:mi:ss';

Session altered.

Elapsed: 00:00:00.00
08:39:10 SQL> --
08:39:10 SQL> -- aud_rpt_gattn.sql
08:39:10 SQL> --
08:39:10 SQL> 
08:39:10 SQL> -- Joins scores with aud_ms6.
08:39:10 SQL> 
08:39:10 SQL> CREATE OR REPLACE VIEW aud_rpt_gattn AS
08:39:10   2  SELECT
08:39:10   3  s.prdate
08:39:10   4  ,m.ydate
08:39:10   5  ,score
08:39:10   6  ,ROUND(score,1)rscore
08:39:10   7  ,aud_g6
08:39:10   8  FROM fxscores6_gattn s, aud_ms6 m
08:39:10   9  WHERE s.ydate = m.ydate
08:39:10  10  AND s.pair='aud'
08:39:10  11  AND score>0
08:39:10  12  /

View created.

Elapsed: 00:00:00.08
08:39:10 SQL> 
08:39:10 SQL> -- rpt
08:39:10 SQL> SELECT
08:39:10   2  COUNT(score)
08:39:10   3  ,CORR(score,aud_g6)
08:39:10   4  FROM aud_rpt_gattn WHERE score > 0.5
08:39:10   5  /

COUNT(SCORE) CORR(SCORE,AUD_G6)
------------ ------------------
         283          -.3050818

Elapsed: 00:00:00.55
08:39:11 SQL> 
08:39:11 SQL> SELECT
08:39:11   2  TO_CHAR(ydate,'YYYY-MM')
08:39:11   3  ,COUNT(score)
08:39:11   4  ,CORR(score,aud_g6)
08:39:11   5  FROM aud_rpt_gattn
08:39:11   6  GROUP BY TO_CHAR(ydate,'YYYY-MM')
08:39:11   7  ORDER BY TO_CHAR(ydate,'YYYY-MM')
08:39:11   8  /

TO_CHAR COUNT(SCORE) CORR(SCORE,AUD_G6)
------- ------------ ------------------
2010-10          108         -.39119619
2010-11          284         -.46343322
2010-12          214         -.24413494

Elapsed: 00:00:00.37
08:39:11 SQL> 
08:39:11 SQL> 
08:39:11 SQL> SELECT
08:39:11   2  ROUND(score,1)score
08:39:11   3  ,ROUND(AVG(aud_g6),4)avg_gain
08:39:11   4  ,COUNT(aud_g6)cnt
08:39:11   5  ,MIN(TO_CHAR(ydate,'YYYY-MM-DD'))min_ydate
08:39:11   6  ,MAX(ydate)max_ydate
08:39:11   7  ,CORR(score,aud_g6)
08:39:11   8  FROM aud_rpt_gattn
08:39:11   9  GROUP BY ROUND(score,1)
08:39:11  10  ORDER BY ROUND(score,1)
08:39:11  11  
08:39:11 SQL> -- recently
08:39:11 SQL> SELECT
08:39:11   2  ROUND(score,1)score
08:39:11   3  ,ROUND(AVG(aud_g6),4)avg_gain
08:39:11   4  ,COUNT(aud_g6)cnt
08:39:11   5  ,MIN(TO_CHAR(ydate,'YYYY-MM-DD'))min_ydate
08:39:11   6  ,MAX(ydate)max_ydate
08:39:11   7  FROM aud_rpt_gattn
08:39:11   8  WHERE ydate > sysdate - 3
08:39:11   9  GROUP BY ROUND(score,1)
08:39:11  10  ORDER BY ROUND(score,1)
08:39:11  11  
08:39:11 SQL> 
08:39:11 SQL> -- Look at 0.65
08:39:11 SQL> -- I should see a positive gain
08:39:11 SQL> SELECT
08:39:11   2  ROUND(SUM(aud_g6),4)sum_gain
08:39:11   3  ,ROUND(AVG(aud_g6),4)avg_gain
08:39:11   4  ,COUNT(aud_g6)cnt
08:39:11   5  ,MIN(TO_CHAR(ydate,'YYYY-MM-DD'))min_ydate
08:39:11   6  ,MAX(ydate)max_ydate
08:39:11   7  ,CORR(score,aud_g6)
08:39:11   8  FROM aud_rpt_gattn
08:39:11   9  WHERE ydate > sysdate - 3
08:39:11  10  AND score >0.65
08:39:11  11  
08:39:11 SQL> COLUMN rscore  FORMAT 999.9
08:39:11 SQL> COLUMN cnt     FORMAT 999999
08:39:11 SQL> COLUMN corr_sg FORMAT 999.99
08:39:11 SQL> 
08:39:11 SQL> SELECT
08:39:11   2  rscore
08:39:11   3  ,ROUND(AVG(aud_g6),4)      avg_aud_g6
08:39:11   4  ,COUNT(score)            cnt
08:39:11   5  ,ROUND(MIN(aud_g6),4)      min_aud_g6
08:39:11   6  ,ROUND(STDDEV(aud_g6),4) std_aud_g6
08:39:11   7  ,ROUND(MAX(aud_g6),4)      max_aud_g6
08:39:11   8  ,ROUND(CORR(score,aud_g6),2)corr_sg
08:39:11   9  ,MIN(ydate)        min_ydate
08:39:11  10  ,MAX(ydate)        max_ydate
08:39:11  11  FROM aud_rpt_gattn
08:39:11  12  GROUP BY rscore
08:39:11  13  ORDER BY rscore
08:39:11  14  /

RSCORE AVG_AUD_G6     CNT MIN_AUD_G6 STD_AUD_G6 MAX_AUD_G6 CORR_SG MIN_YDATE           MAX_YDATE
------ ---------- ------- ---------- ---------- ---------- ------- ------------------- -------------------
    .0      .0034       2      .0009      .0034      .0058   -1.00 2010-12-13 11:05:00 2010-12-22 13:05:00
    .1      .0024      19     -.0073      .0041      .0098     .42 2010-10-22 09:30:01 2010-12-22 10:20:00
    .2      .0028      46     -.0066      .0032      .0089    -.31 2010-10-22 08:25:01 2010-12-24 15:25:00
    .3      .0012      92     -.0081      .0035      .0111    -.10 2010-10-21 01:00:01 2010-12-24 20:55:00
    .4      .0007     108     -.0094      .0041      .0131    -.27 2010-10-21 01:15:01 2010-12-24 11:15:00
    .5      .0008     104     -.0071      .0033      .0075     .08 2010-10-21 16:45:01 2010-12-23 10:45:00
    .6     -.0007      83     -.0088      .0034      .0071    -.15 2010-10-21 11:25:01 2010-12-23 19:25:00
    .7     -.0014      85     -.0101      .0036      .0059    -.10 2010-10-21 07:00:01 2010-12-24 15:15:00
    .8     -.0022      40     -.0124      .0038      .0048     .03 2010-10-25 07:15:01 2010-12-23 23:45:00
    .9     -.0026      22     -.0099      .0033      .0031     .11 2010-10-22 07:40:01 2010-12-16 10:25:00
   1.0     -.0045       5     -.0095      .0042       .002    -.19 2010-11-23 02:45:01 2010-11-30 12:15:00

11 rows selected.

Elapsed: 00:00:00.06
08:39:11 SQL> 
08:39:11 SQL> exit
Disconnected from Oracle Database 11g Enterprise Edition Release 11.2.0.1.0 - 64bit Production
With the Partitioning, OLAP, Data Mining and Real Application Testing options
oracle@zu:/pt/s/rluck/svm6/svm$ 
oracle@zu:/pt/s/rluck/svm6/svm$ 

8 next:


oracle@zu:/pt/s/rluck/svm8hp/svm2$ sqt @my_rpt

SQL*Plus: Release 11.2.0.1.0 Production on Sun Dec 26 08:37:17 2010

Copyright (c) 1982, 2009, Oracle.  All rights reserved.


Connected to:
Oracle Database 11g Enterprise Edition Release 11.2.0.1.0 - 64bit Production
With the Partitioning, OLAP, Data Mining and Real Application Testing options

08:37:18 SQL> ALTER SESSION SET NLS_DATE_FORMAT = 'YYYY-MM-DD hh24:mi:ss';

Session altered.

Elapsed: 00:00:00.00
08:37:18 SQL> --
08:37:18 SQL> -- my_rpt.sql
08:37:18 SQL> --
08:37:18 SQL> 
08:37:18 SQL> -- Joins scores with aud_ms14.
08:37:18 SQL> 
08:37:18 SQL> CREATE OR REPLACE VIEW aud_rpt AS
08:37:18   2  SELECT
08:37:18   3  s.prdate
08:37:18   4  ,m.ydate
08:37:18   5  ,s.score
08:37:18   6  ,ROUND(s.score,1)rscore
08:37:18   7  ,aud_g8
08:37:18   8  FROM fxscores8hp_gattn s, aud_ms14 m, fxscores6_gattn f
08:37:18   9  WHERE s.ydate = m.ydate
08:37:18  10  AND s.ydate = f.ydate
08:37:18  11  AND s.pair='aud'
08:37:18  12  AND f.pair='aud'
08:37:18  13  AND s.score>0
08:37:18  14  /

View created.

Elapsed: 00:00:00.28
08:37:18 SQL> 
08:37:18 SQL> -- rpt
08:37:18 SQL> SELECT COUNT(score),CORR(score,aud_g8)FROM aud_rpt WHERE score > 0.5;

COUNT(SCORE) CORR(SCORE,AUD_G8)
------------ ------------------
         227         -.00125277

Elapsed: 00:00:00.19
08:37:19 SQL> 
08:37:19 SQL> SELECT
08:37:19   2  TO_CHAR(ydate,'YYYY-MM')
08:37:19   3  ,COUNT(score)
08:37:19   4  ,CORR(score,aud_g8)
08:37:19   5  FROM aud_rpt
08:37:19   6  GROUP BY TO_CHAR(ydate,'YYYY-MM')
08:37:19   7  ORDER BY TO_CHAR(ydate,'YYYY-MM')
08:37:19   8  /

TO_CHAR COUNT(SCORE) CORR(SCORE,AUD_G8)
------- ------------ ------------------
2010-10          108         -.41449224
2010-11          284         -.17101339
2010-12          208         .050499251

Elapsed: 00:00:00.09
08:37:19 SQL> 
08:37:19 SQL> 
08:37:19 SQL> COLUMN rscore  FORMAT 999.9
08:37:19 SQL> COLUMN cnt     FORMAT 999999
08:37:19 SQL> COLUMN corr_sg FORMAT 999.99
08:37:19 SQL> 
08:37:19 SQL> SELECT
08:37:19   2  rscore
08:37:19   3  ,ROUND(AVG(aud_g8),4)      avg_aud_g8
08:37:19   4  ,COUNT(score)            cnt
08:37:19   5  ,ROUND(MIN(aud_g8),4)      min_aud_g8
08:37:19   6  ,ROUND(STDDEV(aud_g8),4) std_aud_g8
08:37:19   7  ,ROUND(MAX(aud_g8),4)      max_aud_g8
08:37:19   8  ,ROUND(CORR(score,aud_g8),2)corr_sg
08:37:19   9  ,MIN(ydate)        min_ydate
08:37:19  10  ,MAX(ydate)        max_ydate
08:37:19  11  FROM aud_rpt
08:37:19  12  GROUP BY rscore
08:37:19  13  ORDER BY rscore
08:37:19  14  /

RSCORE AVG_AUD_G8     CNT MIN_AUD_G8 STD_AUD_G8 MAX_AUD_G8 CORR_SG MIN_YDATE           MAX_YDATE
------ ---------- ------- ---------- ---------- ---------- ------- ------------------- -------------------
    .0      .0006       2     -.0001      .0009      .0012    1.00 2010-11-09 20:55:01 2010-12-16 06:35:00
    .1          0      34     -.0119      .0047      .0089    -.02 2010-10-29 16:15:01 2010-12-22 12:05:00
    .2      .0009      89     -.0098      .0042      .0117     .01 2010-10-24 22:10:01 2010-12-23 22:50:00
    .3      .0005     115     -.0096      .0044      .0112    -.04 2010-10-21 17:15:01 2010-12-23 03:10:00
    .4      .0008      97     -.0116      .0044      .0124     .11 2010-10-22 08:25:01 2010-12-24 08:45:00
    .5      .0004      90     -.0108      .0043       .012    -.21 2010-10-21 03:30:01 2010-12-23 23:45:00
    .6     -.0009      75      -.011      .0038      .0069    -.03 2010-10-21 01:00:01 2010-12-23 10:45:00
    .7     -.0008      49     -.0116      .0041       .007     .03 2010-10-21 01:15:01 2010-12-20 22:15:00
    .8     -.0003      36     -.0118      .0043      .0079     .14 2010-10-25 07:15:01 2010-12-20 10:30:00
    .9     -.0004      13     -.0075      .0037      .0065    -.06 2010-10-21 13:45:01 2010-12-13 21:15:00

10 rows selected.

Elapsed: 00:00:00.07
08:37:19 SQL> 
08:37:19 SQL> exit
Disconnected from Oracle Database 11g Enterprise Edition Release 11.2.0.1.0 - 64bit Production
With the Partitioning, OLAP, Data Mining and Real Application Testing options
oracle@zu:/pt/s/rluck/svm8hp/svm2$ 
