
SQL*Plus: Release 11.2.0.1.0 Production on Sat Jan 15 22:30:41 2011

Copyright (c) 1982, 2009, Oracle.  All rights reserved.


Connected to:
Oracle Database 11g Enterprise Edition Release 11.2.0.1.0 - 64bit Production
With the Partitioning, OLAP, Data Mining and Real Application Testing options

22:30:42 SQL> ALTER SESSION SET NLS_DATE_FORMAT = 'YYYY-MM-DD hh24:mi:ss';

Session altered.

Elapsed: 00:00:00.00
22:30:42 SQL> 
22:30:42 SQL> 22:30:42 SQL> --
22:30:42 SQL> -- stk10.sql
22:30:42 SQL> --
22:30:42 SQL> 
22:30:42 SQL> -- Creates views and tables for demonstrating SVM.
22:30:42 SQL> 
22:30:42 SQL> DROP VIEW stk10;
DROP VIEW stk10
*
ERROR at line 1:
ORA-00942: table or view does not exist


Elapsed: 00:00:00.45
22:30:42 SQL> 
22:30:42 SQL> DROP TABLE stk10;

Table dropped.

Elapsed: 00:00:00.67
22:30:43 SQL> 
22:30:43 SQL> CREATE TABLE stk10 COMPRESS AS
22:30:43   2  SELECT
22:30:43   3  tkr
22:30:43   4  ,ydate
22:30:43   5  ,tkr||ydate tkrdate
22:30:43   6  ,clse
22:30:43   7  ,clse2
22:30:43   8  ,gain1day
22:30:43   9  ,rownum rnum -- acts as t in my time-series
22:30:43  10  -- Derive some attributes from clse.
22:30:43  11  ,MIN(clse)OVER(PARTITION BY tkr ORDER BY ydate ROWS BETWEEN 12*2 PRECEDING AND CURRENT ROW)min2
22:30:43  12  ,MIN(clse)OVER(PARTITION BY tkr ORDER BY ydate ROWS BETWEEN 12*3 PRECEDING AND CURRENT ROW)min3
22:30:43  13  ,MIN(clse)OVER(PARTITION BY tkr ORDER BY ydate ROWS BETWEEN 12*4 PRECEDING AND CURRENT ROW)min4
22:30:43  14  ,MIN(clse)OVER(PARTITION BY tkr ORDER BY ydate ROWS BETWEEN 12*5 PRECEDING AND CURRENT ROW)min5
22:30:43  15  ,MIN(clse)OVER(PARTITION BY tkr ORDER BY ydate ROWS BETWEEN 12*6 PRECEDING AND CURRENT ROW)min6
22:30:43  16  ,MIN(clse)OVER(PARTITION BY tkr ORDER BY ydate ROWS BETWEEN 12*7 PRECEDING AND CURRENT ROW)min7
22:30:43  17  ,MIN(clse)OVER(PARTITION BY tkr ORDER BY ydate ROWS BETWEEN 12*8 PRECEDING AND CURRENT ROW)min8
22:30:43  18  ,AVG(clse)OVER(PARTITION BY tkr ORDER BY ydate ROWS BETWEEN 12*2 PRECEDING AND CURRENT ROW)avg2
22:30:43  19  ,AVG(clse)OVER(PARTITION BY tkr ORDER BY ydate ROWS BETWEEN 12*3 PRECEDING AND CURRENT ROW)avg3
22:30:43  20  ,AVG(clse)OVER(PARTITION BY tkr ORDER BY ydate ROWS BETWEEN 12*4 PRECEDING AND CURRENT ROW)avg4
22:30:43  21  ,AVG(clse)OVER(PARTITION BY tkr ORDER BY ydate ROWS BETWEEN 12*5 PRECEDING AND CURRENT ROW)avg5
22:30:43  22  ,AVG(clse)OVER(PARTITION BY tkr ORDER BY ydate ROWS BETWEEN 12*6 PRECEDING AND CURRENT ROW)avg6
22:30:43  23  ,AVG(clse)OVER(PARTITION BY tkr ORDER BY ydate ROWS BETWEEN 12*7 PRECEDING AND CURRENT ROW)avg7
22:30:43  24  ,AVG(clse)OVER(PARTITION BY tkr ORDER BY ydate ROWS BETWEEN 12*8 PRECEDING AND CURRENT ROW)avg8
22:30:43  25  ,MAX(clse)OVER(PARTITION BY tkr ORDER BY ydate ROWS BETWEEN 12*2 PRECEDING AND CURRENT ROW)max2
22:30:43  26  ,MAX(clse)OVER(PARTITION BY tkr ORDER BY ydate ROWS BETWEEN 12*3 PRECEDING AND CURRENT ROW)max3
22:30:43  27  ,MAX(clse)OVER(PARTITION BY tkr ORDER BY ydate ROWS BETWEEN 12*4 PRECEDING AND CURRENT ROW)max4
22:30:43  28  ,MAX(clse)OVER(PARTITION BY tkr ORDER BY ydate ROWS BETWEEN 12*5 PRECEDING AND CURRENT ROW)max5
22:30:43  29  ,MAX(clse)OVER(PARTITION BY tkr ORDER BY ydate ROWS BETWEEN 12*6 PRECEDING AND CURRENT ROW)max6
22:30:43  30  ,MAX(clse)OVER(PARTITION BY tkr ORDER BY ydate ROWS BETWEEN 12*7 PRECEDING AND CURRENT ROW)max7
22:30:43  31  ,MAX(clse)OVER(PARTITION BY tkr ORDER BY ydate ROWS BETWEEN 12*8 PRECEDING AND CURRENT ROW)max8
22:30:43  32  FROM di5min_stk_c2
22:30:43  33  WHERE UPPER(tkr)='&1'
22:30:43  34  AND TO_CHAR(ydate,'dy')IN('mon','tue','wed','thu','fri')
22:30:43  35  AND 0+TO_CHAR(ydate,'HH24')BETWEEN 13 AND 20
22:30:43  36  ORDER BY ydate
22:30:43  37  /
old  33: WHERE UPPER(tkr)='&1'
new  33: WHERE UPPER(tkr)='GOOG'

Table created.

Elapsed: 00:00:02.60
22:30:45 SQL> 
22:30:45 SQL> ANALYZE TABLE stk10 COMPUTE STATISTICS;

Table analyzed.

Elapsed: 00:00:01.36
22:30:47 SQL> 
22:30:47 SQL> -- rpt
22:30:47 SQL> 
22:30:47 SQL> SELECT
22:30:47   2  tkr
22:30:47   3  ,COUNT(tkr)
22:30:47   4  ,MIN(clse),MAX(clse)
22:30:47   5  ,MIN(avg4),MAX(avg4)
22:30:47   6  ,MIN(ydate),MAX(ydate)
22:30:47   7  FROM stk10
22:30:47   8  GROUP BY tkr
22:30:47   9  /

TKR	COUNT(TKR)  MIN(CLSE)  MAX(CLSE)  MIN(AVG4)  MAX(AVG4) MIN(YDATE)	   MAX(YDATE)
------- ---------- ---------- ---------- ---------- ---------- ------------------- -------------------
GOOG	     24813	434.6	  629.82 436.437245 628.088367 2009-10-28 18:10:00 2011-01-14 20:55:00

Elapsed: 00:00:00.04
22:30:47 SQL> 
22:30:47 SQL> -- Derive trend, clse-relations, moving correlation of clse, and date related params:
22:30:47 SQL> DROP TABLE stk12;

Table dropped.

Elapsed: 00:00:00.10
22:30:47 SQL> CREATE TABLE stk12 COMPRESS AS
22:30:47   2  SELECT
22:30:47   3  tkr
22:30:47   4  ,ydate
22:30:47   5  ,tkrdate
22:30:47   6  ,clse
22:30:47   7  ,rnum
22:30:47   8  -- g4 is important. I want to predict g4:
22:30:47   9  ,gain1day g4
22:30:47  10  ,SIGN(avg4 - LAG(avg4,2,NULL)OVER(PARTITION BY tkr ORDER BY ydate))trend
22:30:47  11  -- I want more attributes from the ones I derived above:
22:30:47  12  -- clse relation to moving-min
22:30:47  13  ,clse-min2  cm2
22:30:47  14  ,clse-min3  cm3
22:30:47  15  ,clse-min4  cm4
22:30:47  16  ,clse-min5  cm5
22:30:47  17  ,clse-min6  cm6
22:30:47  18  ,clse-min7  cm7
22:30:47  19  ,clse-min8  cm8
22:30:47  20  -- clse relation to moving-avg
22:30:47  21  ,clse-avg2  ca2
22:30:47  22  ,clse-avg3  ca3
22:30:47  23  ,clse-avg4  ca4
22:30:47  24  ,clse-avg5  ca5
22:30:47  25  ,clse-avg6  ca6
22:30:47  26  ,clse-avg7  ca7
22:30:47  27  ,clse-avg8  ca8
22:30:47  28  -- clse relation to moving-max
22:30:47  29  ,clse-max2  cx2
22:30:47  30  ,clse-max3  cx3
22:30:47  31  ,clse-max4  cx4
22:30:47  32  ,clse-max5  cx5
22:30:47  33  ,clse-max6  cx6
22:30:47  34  ,clse-max7  cx7
22:30:47  35  ,clse-max8  cx8
22:30:47  36  -- Derive date related attributes:
22:30:47  37  ,0+TO_CHAR( ROUND(ydate,'HH24'),'HH24')hh
22:30:47  38  ,0+TO_CHAR(ydate,'D')d
22:30:47  39  ,0+TO_CHAR(ydate,'W')w
22:30:47  40  -- mpm stands for minutes-past-midnight:
22:30:47  41  ,ROUND( (ydate - trunc(ydate))*24*60 )mpm
22:30:47  42  -- mph stands for minutes-past-hour:
22:30:47  43  ,0+TO_CHAR(ydate,'MI')mph
22:30:47  44  FROM stk10
22:30:47  45  ORDER BY ydate
22:30:47  46  /

Table created.

Elapsed: 00:00:00.60
22:30:47 SQL> 
22:30:47 SQL> -- rpt
22:30:47 SQL> 
22:30:47 SQL> SELECT
22:30:47   2  tkr
22:30:47   3  ,COUNT(tkr)
22:30:47   4  ,MIN(clse),MAX(clse)
22:30:47   5  ,MIN(ydate),MAX(ydate)
22:30:47   6  FROM stk12
22:30:47   7  GROUP BY tkr
22:30:47   8  /

TKR	COUNT(TKR)  MIN(CLSE)  MAX(CLSE) MIN(YDATE)	     MAX(YDATE)
------- ---------- ---------- ---------- ------------------- -------------------
GOOG	     24813	434.6	  629.82 2009-10-28 18:10:00 2011-01-14 20:55:00

Elapsed: 00:00:00.03
22:30:47 SQL> 
22:30:47 SQL> -- Prepare for derivation of NTILE based parameters.
22:30:47 SQL> -- Also derive the "trend" parameter:
22:30:47 SQL> 
22:30:47 SQL> DROP TABLE stk14;

Table dropped.

Elapsed: 00:00:00.05
22:30:47 SQL> CREATE TABLE stk14 COMPRESS AS
22:30:47   2  SELECT
22:30:47   3  tkr
22:30:47   4  ,ydate
22:30:47   5  ,tkrdate
22:30:47   6  ,clse
22:30:47   7  ,g4
22:30:47   8  ,CASE WHEN g4 IS NULL THEN NULL WHEN g4/clse >	0.5/100 THEN 'up' ELSE 'nup' END gatt
22:30:47   9  ,CASE WHEN g4 IS NULL THEN NULL WHEN g4/clse < -0.5/100 THEN 'up' ELSE 'nup' END gattn
22:30:47  10  ,CASE WHEN trend IS NULL THEN 1
22:30:47  11  	    WHEN trend =0      THEN 1
22:30:47  12  	    ELSE trend END trend
22:30:47  13  ,cm2
22:30:47  14  ,cm3
22:30:47  15  ,cm4
22:30:47  16  ,cm5
22:30:47  17  ,cm6
22:30:47  18  ,cm7
22:30:47  19  ,cm8
22:30:47  20  ,ca2
22:30:47  21  ,ca3
22:30:47  22  ,ca4
22:30:47  23  ,ca5
22:30:47  24  ,ca6
22:30:47  25  ,ca7
22:30:47  26  ,ca8
22:30:47  27  ,cx2
22:30:47  28  ,cx3
22:30:47  29  ,cx4
22:30:47  30  ,cx5
22:30:47  31  ,cx6
22:30:47  32  ,cx7
22:30:47  33  ,cx8
22:30:47  34  ,hh
22:30:47  35  ,d
22:30:47  36  ,w
22:30:47  37  ,mpm
22:30:47  38  ,mph
22:30:47  39  FROM stk12
22:30:47  40  -- Guard against divide by 0:
22:30:47  41  WHERE clse > 0
22:30:47  42  ORDER BY ydate
22:30:47  43  /

Table created.

Elapsed: 00:00:00.38
22:30:48 SQL> 
22:30:48 SQL> -- rpt
22:30:48 SQL> 
22:30:48 SQL> SELECT
22:30:48   2  tkr
22:30:48   3  ,trend
22:30:48   4  ,gatt
22:30:48   5  ,COUNT(tkr)
22:30:48   6  ,AVG(g4)
22:30:48   7  FROM stk14
22:30:48   8  GROUP BY tkr,trend,gatt
22:30:48   9  ORDER BY tkr,trend,gatt
22:30:48  10  /

TKR	     TREND GAT COUNT(TKR)    AVG(G4)
------- ---------- --- ---------- ----------
GOOG		-1 nup	     8089 -3.7036823
GOOG		-1 up	     4128 8.87728546
GOOG		-1	       99
GOOG		 1 nup	     8441 -3.6986156
GOOG		 1 up	     3924  8.0458731
GOOG		 1	      132

6 rows selected.

Elapsed: 00:00:00.03
22:30:48 SQL> 
22:30:48 SQL> -- Derive NTILE based params:
22:30:48 SQL> 
22:30:48 SQL> DROP TABLE stk16;

Table dropped.

Elapsed: 00:00:00.05
22:30:48 SQL> CREATE TABLE stk16 COMPRESS AS
22:30:48   2  SELECT
22:30:48   3  tkr
22:30:48   4  ,ydate
22:30:48   5  ,tkrdate
22:30:48   6  ,clse
22:30:48   7  ,g4
22:30:48   8  ,gatt
22:30:48   9  ,gattn
22:30:48  10  ,trend
22:30:48  11  ,NTILE(9)OVER(PARTITION BY trend,tkr ORDER BY cm2)att00
22:30:48  12  ,NTILE(9)OVER(PARTITION BY trend,tkr ORDER BY cm3)att01
22:30:48  13  ,NTILE(9)OVER(PARTITION BY trend,tkr ORDER BY cm4)att02
22:30:48  14  ,NTILE(9)OVER(PARTITION BY trend,tkr ORDER BY cm5)att03
22:30:48  15  ,NTILE(9)OVER(PARTITION BY trend,tkr ORDER BY cm6)att04
22:30:48  16  ,NTILE(9)OVER(PARTITION BY trend,tkr ORDER BY cm7)att05
22:30:48  17  ,NTILE(9)OVER(PARTITION BY trend,tkr ORDER BY cm8)att06
22:30:48  18  ,NTILE(9)OVER(PARTITION BY trend,tkr ORDER BY ca2)att07
22:30:48  19  ,NTILE(9)OVER(PARTITION BY trend,tkr ORDER BY ca3)att08
22:30:48  20  ,NTILE(9)OVER(PARTITION BY trend,tkr ORDER BY ca4)att09
22:30:48  21  ,NTILE(9)OVER(PARTITION BY trend,tkr ORDER BY ca5)att10
22:30:48  22  ,NTILE(9)OVER(PARTITION BY trend,tkr ORDER BY ca6)att11
22:30:48  23  ,NTILE(9)OVER(PARTITION BY trend,tkr ORDER BY ca7)att12
22:30:48  24  ,NTILE(9)OVER(PARTITION BY trend,tkr ORDER BY ca8)att13
22:30:48  25  ,NTILE(9)OVER(PARTITION BY trend,tkr ORDER BY cx2)att14
22:30:48  26  ,NTILE(9)OVER(PARTITION BY trend,tkr ORDER BY cx3)att15
22:30:48  27  ,NTILE(9)OVER(PARTITION BY trend,tkr ORDER BY cx4)att16
22:30:48  28  ,NTILE(9)OVER(PARTITION BY trend,tkr ORDER BY cx5)att17
22:30:48  29  ,NTILE(9)OVER(PARTITION BY trend,tkr ORDER BY cx6)att18
22:30:48  30  ,NTILE(9)OVER(PARTITION BY trend,tkr ORDER BY cx7)att19
22:30:48  31  ,NTILE(9)OVER(PARTITION BY trend,tkr ORDER BY cx8)att20
22:30:48  32  ,hh  att21
22:30:48  33  ,d   att22
22:30:48  34  ,w   att23
22:30:48  35  ,mpm att24
22:30:48  36  ,mph att25
22:30:48  37  ,trend att26
22:30:48  38  FROM stk14
22:30:48  39  ORDER BY ydate
22:30:48  40  /

Table created.

Elapsed: 00:00:02.91
22:30:51 SQL> 
22:30:51 SQL> -- rpt
22:30:51 SQL> 
22:30:51 SQL> SELECT
22:30:51   2  tkr
22:30:51   3  ,trend
22:30:51   4  ,gatt
22:30:51   5  ,COUNT(tkr)
22:30:51   6  ,AVG(g4)
22:30:51   7  FROM stk16
22:30:51   8  GROUP BY tkr,trend,gatt
22:30:51   9  ORDER BY tkr,trend,gatt
22:30:51  10  /

TKR	     TREND GAT COUNT(TKR)    AVG(G4)
------- ---------- --- ---------- ----------
GOOG		-1 nup	     8089 -3.7036823
GOOG		-1 up	     4128 8.87728546
GOOG		-1	       99
GOOG		 1 nup	     8441 -3.6986156
GOOG		 1 up	     3924  8.0458731
GOOG		 1	      132

6 rows selected.

Elapsed: 00:00:00.03
22:30:51 SQL> 
22:30:51 SQL> -- Now I derive goodness attributes:
22:30:51 SQL> 
22:30:51 SQL> DROP TABLE stk_ms;

Table dropped.

Elapsed: 00:00:00.06
22:30:51 SQL> CREATE TABLE stk_ms COMPRESS AS
22:30:51   2  SELECT
22:30:51   3  tkr
22:30:51   4  ,ydate
22:30:51   5  ,tkrdate
22:30:51   6  ,trend
22:30:51   7  ,g4
22:30:51   8  ,gatt
22:30:51   9  ,gattn
22:30:51  10  ,SUM(g4)OVER(PARTITION BY trend,att00 ORDER BY ydate ROWS BETWEEN 12*22*30 PRECEDING AND CURRENT ROW)g00
22:30:51  11  ,SUM(g4)OVER(PARTITION BY trend,att01 ORDER BY ydate ROWS BETWEEN 12*22*30 PRECEDING AND CURRENT ROW)g01
22:30:51  12  ,SUM(g4)OVER(PARTITION BY trend,att02 ORDER BY ydate ROWS BETWEEN 12*22*30 PRECEDING AND CURRENT ROW)g02
22:30:51  13  ,SUM(g4)OVER(PARTITION BY trend,att03 ORDER BY ydate ROWS BETWEEN 12*22*30 PRECEDING AND CURRENT ROW)g03
22:30:51  14  ,SUM(g4)OVER(PARTITION BY trend,att04 ORDER BY ydate ROWS BETWEEN 12*22*30 PRECEDING AND CURRENT ROW)g04
22:30:51  15  ,SUM(g4)OVER(PARTITION BY trend,att05 ORDER BY ydate ROWS BETWEEN 12*22*30 PRECEDING AND CURRENT ROW)g05
22:30:51  16  ,SUM(g4)OVER(PARTITION BY trend,att06 ORDER BY ydate ROWS BETWEEN 12*22*30 PRECEDING AND CURRENT ROW)g06
22:30:51  17  ,SUM(g4)OVER(PARTITION BY trend,att07 ORDER BY ydate ROWS BETWEEN 12*22*30 PRECEDING AND CURRENT ROW)g07
22:30:51  18  ,SUM(g4)OVER(PARTITION BY trend,att08 ORDER BY ydate ROWS BETWEEN 12*22*30 PRECEDING AND CURRENT ROW)g08
22:30:51  19  ,SUM(g4)OVER(PARTITION BY trend,att09 ORDER BY ydate ROWS BETWEEN 12*22*30 PRECEDING AND CURRENT ROW)g09
22:30:51  20  ,SUM(g4)OVER(PARTITION BY trend,att10 ORDER BY ydate ROWS BETWEEN 12*22*30 PRECEDING AND CURRENT ROW)g10
22:30:51  21  ,SUM(g4)OVER(PARTITION BY trend,att11 ORDER BY ydate ROWS BETWEEN 12*22*30 PRECEDING AND CURRENT ROW)g11
22:30:51  22  ,SUM(g4)OVER(PARTITION BY trend,att12 ORDER BY ydate ROWS BETWEEN 12*22*30 PRECEDING AND CURRENT ROW)g12
22:30:51  23  ,SUM(g4)OVER(PARTITION BY trend,att13 ORDER BY ydate ROWS BETWEEN 12*22*30 PRECEDING AND CURRENT ROW)g13
22:30:51  24  ,SUM(g4)OVER(PARTITION BY trend,att14 ORDER BY ydate ROWS BETWEEN 12*22*30 PRECEDING AND CURRENT ROW)g14
22:30:51  25  ,SUM(g4)OVER(PARTITION BY trend,att15 ORDER BY ydate ROWS BETWEEN 12*22*30 PRECEDING AND CURRENT ROW)g15
22:30:51  26  ,SUM(g4)OVER(PARTITION BY trend,att16 ORDER BY ydate ROWS BETWEEN 12*22*30 PRECEDING AND CURRENT ROW)g16
22:30:51  27  ,SUM(g4)OVER(PARTITION BY trend,att17 ORDER BY ydate ROWS BETWEEN 12*22*30 PRECEDING AND CURRENT ROW)g17
22:30:51  28  ,SUM(g4)OVER(PARTITION BY trend,att18 ORDER BY ydate ROWS BETWEEN 12*22*30 PRECEDING AND CURRENT ROW)g18
22:30:51  29  ,SUM(g4)OVER(PARTITION BY trend,att19 ORDER BY ydate ROWS BETWEEN 12*22*30 PRECEDING AND CURRENT ROW)g19
22:30:51  30  ,SUM(g4)OVER(PARTITION BY trend,att20 ORDER BY ydate ROWS BETWEEN 12*22*30 PRECEDING AND CURRENT ROW)g20
22:30:51  31  ,SUM(g4)OVER(PARTITION BY trend,att21 ORDER BY ydate ROWS BETWEEN 12*22*30 PRECEDING AND CURRENT ROW)g21
22:30:51  32  ,SUM(g4)OVER(PARTITION BY trend,att22 ORDER BY ydate ROWS BETWEEN 12*22*30 PRECEDING AND CURRENT ROW)g22
22:30:51  33  ,SUM(g4)OVER(PARTITION BY trend,att23 ORDER BY ydate ROWS BETWEEN 12*22*30 PRECEDING AND CURRENT ROW)g23
22:30:51  34  ,SUM(g4)OVER(PARTITION BY trend,att24 ORDER BY ydate ROWS BETWEEN 12*22*30 PRECEDING AND CURRENT ROW)g24
22:30:51  35  ,SUM(g4)OVER(PARTITION BY trend,att25 ORDER BY ydate ROWS BETWEEN 12*22*30 PRECEDING AND CURRENT ROW)g25
22:30:51  36  ,SUM(g4)OVER(PARTITION BY trend,att26 ORDER BY ydate ROWS BETWEEN 12*22*30 PRECEDING AND CURRENT ROW)g26
22:30:51  37  -- att26 is trend which is a powerful attribute so I derive 3 more goodness attributes from trend:
22:30:51  38  ,SUM(g4)OVER(PARTITION BY trend,att26 ORDER BY ydate ROWS BETWEEN 12*40 PRECEDING AND CURRENT ROW)g27
22:30:51  39  ,SUM(g4)OVER(PARTITION BY trend,att26 ORDER BY ydate ROWS BETWEEN 12*30 PRECEDING AND CURRENT ROW)g28
22:30:51  40  ,SUM(g4)OVER(PARTITION BY trend,att26 ORDER BY ydate ROWS BETWEEN 12*20 PRECEDING AND CURRENT ROW)g29
22:30:51  41  FROM stk16
22:30:51  42  /

Table created.

Elapsed: 00:00:03.98
22:30:55 SQL> 
22:30:55 SQL> -- rpt
22:30:55 SQL> 
22:30:55 SQL> SELECT
22:30:55   2  tkr
22:30:55   3  ,trend
22:30:55   4  ,gatt
22:30:55   5  ,COUNT(tkr)
22:30:55   6  ,AVG(g4)
22:30:55   7  FROM stk_ms
22:30:55   8  GROUP BY tkr,trend,gatt
22:30:55   9  ORDER BY tkr,trend,gatt
22:30:55  10  /

TKR	     TREND GAT COUNT(TKR)    AVG(G4)
------- ---------- --- ---------- ----------
GOOG		-1 nup	     8089 -3.7036823
GOOG		-1 up	     4128 8.87728546
GOOG		-1	       99
GOOG		 1 nup	     8441 -3.6986156
GOOG		 1 up	     3924  8.0458731
GOOG		 1	      132

6 rows selected.

Elapsed: 00:00:00.03
22:30:55 SQL> 
22:30:55 SQL> SELECT
22:30:55   2  tkr
22:30:55   3  ,0+TO_CHAR(ydate,'D')daynum
22:30:55   4  ,COUNT(tkr)
22:30:55   5  ,MIN(ydate),MAX(ydate)
22:30:55   6  FROM stk_ms
22:30:55   7  GROUP BY tkr,0+TO_CHAR(ydate,'D')
22:30:55   8  ORDER BY tkr,0+TO_CHAR(ydate,'D')
22:30:55   9  /

TKR	    DAYNUM COUNT(TKR) MIN(YDATE)	  MAX(YDATE)
------- ---------- ---------- ------------------- -------------------
GOOG		 2	 4922 2009-11-02 13:25:00 2011-01-10 20:55:00
GOOG		 3	 4925 2009-11-03 13:25:00 2011-01-11 20:55:00
GOOG		 4	 4920 2009-10-28 18:10:00 2011-01-12 20:55:00
GOOG		 5	 5018 2009-10-29 13:25:00 2011-01-13 20:55:00
GOOG		 6	 5028 2009-10-30 13:25:00 2011-01-14 20:55:00

Elapsed: 00:00:00.03
22:30:55 SQL> 
22:30:55 SQL> exit
Disconnected from Oracle Database 11g Enterprise Edition Release 11.2.0.1.0 - 64bit Production
With the Partitioning, OLAP, Data Mining and Real Application Testing options
